date_received,total_complaints,untimely_count
2015-03-19,216,7
2015-03-20,194,5
2015-03-21,101,5
2015-03-22,69,1
2015-03-23,209,4
2015-03-24,253,10
2015-03-25,244,7
2015-03-26,222,4
2015-03-27,208,6
2015-03-28,97,2
2015-03-29,86,3
2015-03-30,218,10
2015-03-31,258,8
2015-04-01,216,10
2015-04-02,184,3
2015-04-03,173,9
2015-04-04,99,1
2015-04-05,52,0
2015-04-06,197,8
2015-04-07,249,11
2015-04-08,207,11
2015-04-09,187,7
2015-04-10,194,6
2015-04-11,106,3
2015-04-12,69,4
2015-04-13,185,4
2015-04-14,214,11
2015-04-15,213,10
2015-04-16,225,7
2015-04-17,171,5
2015-04-18,101,5
2015-04-19,81,2
2015-04-20,205,6
2015-04-21,264,13
2015-04-22,255,12
2015-04-23,199,13
2015-04-24,200,7
2015-04-25,95,8
2015-04-26,93,1
2015-04-27,212,6
2015-04-28,262,13
2015-04-29,265,10
2015-04-30,203,6
2015-05-01,208,8
2015-05-02,119,5
2015-05-03,71,4
2015-05-04,183,3
2015-05-05,224,7
2015-05-06,214,9
2015-05-07,224,6
2015-05-08,207,6
2015-05-09,78,1
2015-05-10,78,3
2015-05-11,207,8
2015-05-12,278,10
2015-05-13,245,12
2015-05-14,266,10
2015-05-15,237,15
2015-05-16,95,2
2015-05-17,72,3
2015-05-18,202,17
2015-05-19,276,13
2015-05-20,308,11
2015-05-21,261,11
2015-05-22,220,8
2015-05-23,83,0
2015-05-24,67,1
2015-05-25,91,2
2015-05-26,215,6
2015-05-27,282,12
2015-05-28,227,6
2015-05-29,216,8
2015-05-30,114,3
2015-05-31,75,1
2015-06-01,207,6
2015-06-02,264,9
2015-06-03,215,6
2015-06-04,222,8
2015-06-05,237,8
2015-06-06,101,2
2015-06-07,57,2
2015-06-08,209,1
2015-06-09,264,6
2015-06-10,255,15
2015-06-11,248,9
2015-06-12,239,14
2015-06-13,86,1
2015-06-14,72,0
2015-06-15,219,6
2015-06-16,275,15
2015-06-17,247,9
2015-06-18,243,9
2015-06-19,188,7
2015-06-20,117,1
2015-06-21,53,1
2015-06-22,181,9
2015-06-23,239,11
2015-06-24,243,14
2015-06-25,238,9
2015-06-26,252,14
2015-06-27,103,4
2015-06-28,105,2
2015-06-29,250,7
2015-06-30,275,11
2015-07-01,241,6
2015-07-02,206,4
2015-07-03,142,4
2015-07-04,64,2
2015-07-05,57,2
2015-07-06,241,13
2015-07-07,310,10
2015-07-08,270,14
2015-07-09,297,6
2015-07-10,296,7
2015-07-11,128,4
2015-07-12,100,3
2015-07-13,264,6
2015-07-14,277,11
2015-07-15,307,10
2015-07-16,247,10
2015-07-17,224,14
2015-07-18,125,5
2015-07-19,106,2
2015-07-20,219,11
2015-07-21,298,11
2015-07-22,294,12
2015-07-23,248,5
2015-07-24,221,6
2015-07-25,124,4
2015-07-26,73,1
2015-07-27,246,6
2015-07-28,240,14
2015-07-29,277,10
2015-07-30,246,6
2015-07-31,239,11
2015-08-01,147,4
2015-08-02,103,0
2015-08-03,234,10
2015-08-04,272,10
2015-08-05,260,8
2015-08-06,281,9
2015-08-07,237,12
2015-08-08,173,5
2015-08-09,112,0
2015-08-10,227,5
2015-08-11,267,13
2015-08-12,288,10
2015-08-13,218,7
2015-08-14,223,10
2015-08-15,108,7
2015-08-16,94,1
2015-08-17,224,10
2015-08-18,313,8
2015-08-19,236,8
2015-08-20,245,10
2015-08-21,238,5
2015-08-22,129,3
2015-08-23,109,2
2015-08-24,232,8
2015-08-25,308,15
2015-08-26,234,6
2015-08-27,292,7
2015-08-28,229,13
2015-08-29,110,1
2015-08-30,95,1
2015-08-31,214,9
2015-09-01,260,3
2015-09-02,229,13
2015-09-03,205,5
2015-09-04,176,3
2015-09-05,115,4
2015-09-06,69,6
2015-09-07,99,0
2015-09-08,200,6
2015-09-09,261,7
2015-09-10,254,5
2015-09-11,221,4
2015-09-12,112,4
2015-09-13,90,3
2015-09-14,246,9
2015-09-15,243,4
2015-09-16,273,8
2015-09-17,226,16
2015-09-18,200,4
2015-09-19,99,4
2015-09-20,87,1
2015-09-21,205,7
2015-09-22,245,6
2015-09-23,300,12
2015-09-24,235,6
2015-09-25,218,6
2015-09-26,120,2
2015-09-27,88,1
2015-09-28,226,7
2015-09-29,254,5
2015-09-30,203,6
2015-10-01,234,7
2015-10-02,205,9
2015-10-03,88,1
2015-10-04,89,3
2015-10-05,204,9
2015-10-06,271,4
2015-10-07,239,13
2015-10-08,212,4
2015-10-09,195,2
2015-10-10,111,5
2015-10-11,65,0
2015-10-12,177,6
2015-10-13,244,11
2015-10-14,274,6
2015-10-15,227,11
2015-10-16,248,9
2015-10-17,94,1
2015-10-18,84,1
2015-10-19,248,7
2015-10-20,270,9
2015-10-21,306,10
2015-10-22,253,6
2015-10-23,297,4
2015-10-24,159,6
2015-10-25,99,2
2015-10-26,237,7
2015-10-27,270,8
2015-10-28,243,12
2015-10-29,233,10
2015-10-30,235,8
2015-10-31,147,4
2015-11-01,87,2
2015-11-02,203,11
2015-11-03,259,9
2015-11-04,239,10
2015-11-05,248,9
2015-11-06,219,9
2015-11-07,106,4
2015-11-08,108,2
2015-11-09,190,3
2015-11-10,276,11
2015-11-11,197,9
2015-11-12,243,11
2015-11-13,206,11
2015-11-14,120,4
2015-11-15,87,1
2015-11-16,183,5
2015-11-17,237,8
2015-11-18,200,7
2015-11-19,199,11
2015-11-20,170,9
2015-11-21,101,1
2015-11-22,89,1
2015-11-23,165,3
2015-11-24,209,8
2015-11-25,198,8
2015-11-26,71,4
2015-11-27,103,5
2015-11-28,99,1
2015-11-29,102,2
2015-11-30,222,11
2015-12-01,226,10
2015-12-02,219,12
2015-12-03,215,8
2015-12-04,197,6
2015-12-05,105,2
2015-12-06,83,5
2015-12-07,189,3
2015-12-08,210,8
2015-12-09,241,8
2015-12-10,178,3
2015-12-11,203,5
2015-12-12,115,3
2015-12-13,92,2
2015-12-14,198,4
2015-12-15,225,9
2015-12-16,211,13
2015-12-17,219,8
2015-12-18,168,6
2015-12-19,111,2
2015-12-20,72,2
2015-12-21,189,5
2015-12-22,207,5
2015-12-23,155,6
2015-12-24,106,4
2015-12-25,43,0
2015-12-26,74,5
2015-12-27,70,3
2015-12-28,223,13
2015-12-29,227,5
2015-12-30,241,2
2015-12-31,181,8
2016-01-01,78,0
2016-01-02,98,3
2016-01-03,82,0
2016-01-04,202,9
2016-01-05,250,7
2016-01-06,240,8
2016-01-07,259,9
2016-01-08,191,9
2016-01-09,122,4
2016-01-10,88,3
2016-01-11,209,2
2016-01-12,257,14
2016-01-13,218,9
2016-01-14,219,13
2016-01-15,194,6
2016-01-16,120,6
2016-01-17,98,3
2016-01-18,169,9
2016-01-19,228,8
2016-01-20,261,9
2016-01-21,230,16
2016-01-22,212,11
2016-01-23,137,7
2016-01-24,98,3
2016-01-25,215,8
2016-01-26,255,14
2016-01-27,270,12
2016-01-28,242,12
2016-01-29,211,14
2016-01-30,111,8
2016-01-31,85,3
2016-02-01,198,3
2016-02-02,239,12
2016-02-03,221,6
2016-02-04,220,9
2016-02-05,241,12
2016-02-06,116,3
2016-02-07,89,1
2016-02-08,192,7
2016-02-09,265,8
2016-02-10,254,6
2016-02-11,229,11
2016-02-12,225,10
2016-02-13,102,4
2016-02-14,96,3
2016-02-15,192,6
2016-02-16,183,6
2016-02-17,271,3
2016-02-18,223,3
2016-02-19,243,10
2016-02-20,125,4
2016-02-21,91,6
2016-02-22,213,8
2016-02-23,290,12
2016-02-24,239,10
2016-02-25,196,8
2016-02-26,198,10
2016-02-27,127,5
2016-02-28,86,3
2016-02-29,214,6
2016-03-01,274,8
2016-03-02,246,11
2016-03-03,244,8
2016-03-04,227,10
2016-03-05,119,2
2016-03-06,116,5
2016-03-07,210,6
2016-03-08,255,9
2016-03-09,210,12
2016-03-10,234,14
2016-03-11,236,13
2016-03-12,124,2
2016-03-13,85,5
2016-03-14,239,9
2016-03-15,296,10
2016-03-16,227,10
2016-03-17,252,7
2016-03-18,214,9
2016-03-19,142,8
2016-03-20,117,4
2016-03-21,229,8
2016-03-22,260,12
2016-03-23,272,12
2016-03-24,225,7
2016-03-25,195,12
2016-03-26,110,3
2016-03-27,71,1
2016-03-28,245,7
2016-03-29,269,10
2016-03-30,228,5
2016-03-31,235,11
2016-04-01,209,8
2016-04-02,106,4
2016-04-03,96,1
2016-04-04,240,8
2016-04-05,274,7
2016-04-06,313,11
2016-04-07,241,8
2016-04-08,233,7
2016-04-09,126,1
2016-04-10,96,2
2016-04-11,305,10
2016-04-12,310,12
2016-04-13,225,9
2016-04-14,234,8
2016-04-15,246,6
2016-04-16,124,9
2016-04-17,126,2
2016-04-18,249,8
2016-04-19,262,10
2016-04-20,258,4
2016-04-21,212,4
2016-04-22,231,10
2016-04-23,98,0
2016-04-24,91,6
2016-04-25,215,3
2016-04-26,236,17
2016-04-27,253,15
2016-04-28,256,12
2016-04-29,229,11
2016-04-30,118,4
2016-05-01,101,4
2016-05-02,260,9
2016-05-03,271,9
2016-05-04,251,9
2016-05-05,252,11
2016-05-06,203,7
2016-05-07,118,1
2016-05-08,98,2
2016-05-09,219,13
2016-05-10,285,9
2016-05-11,277,11
2016-05-12,250,10
2016-05-13,248,11
2016-05-14,128,8
2016-05-15,101,0
2016-05-16,199,8
2016-05-17,241,6
2016-05-18,271,8
2016-05-19,233,11
2016-05-20,232,7
2016-05-21,114,4
2016-05-22,95,4
2016-05-23,230,3
2016-05-24,294,6
2016-05-25,266,9
2016-05-26,233,5
2016-05-27,212,8
2016-05-28,116,6
2016-05-29,76,3
2016-05-30,104,3
2016-05-31,214,4
2016-06-01,246,4
2016-06-02,254,8
2016-06-03,266,10
2016-06-04,125,2
2016-06-05,86,0
2016-06-06,248,8
2016-06-07,274,3
2016-06-08,268,11
2016-06-09,224,5
2016-06-10,260,6
2016-06-11,113,2
2016-06-12,108,5
2016-06-13,201,9
2016-06-14,230,13
2016-06-15,240,4
2016-06-16,262,11
2016-06-17,237,6
2016-06-18,111,4
2016-06-19,89,2
2016-06-20,248,7
2016-06-21,284,12
2016-06-22,261,10
2016-06-23,236,17
2016-06-24,213,8
2016-06-25,136,3
2016-06-26,129,1
2016-06-27,230,7
2016-06-28,256,13
2016-06-29,256,6
2016-06-30,241,7
2016-07-01,232,7
2016-07-02,123,2
2016-07-03,90,3
2016-07-04,121,1
2016-07-05,259,6
2016-07-06,317,6
2016-07-07,299,8
2016-07-08,224,12
2016-07-09,132,3
2016-07-10,100,2
2016-07-11,253,4
2016-07-12,275,4
2016-07-13,267,11
2016-07-14,229,10
2016-07-15,239,9
2016-07-16,122,4
2016-07-17,90,1
2016-07-18,198,3
2016-07-19,257,4
2016-07-20,256,5
2016-07-21,266,7
2016-07-22,257,4
2016-07-23,112,1
2016-07-24,109,3
2016-07-25,286,6
2016-07-26,355,13
2016-07-27,315,8
2016-07-28,283,11
2016-07-29,255,6
2016-07-30,112,4
2016-07-31,129,2
2016-08-01,236,2
2016-08-02,318,4
2016-08-03,285,6
2016-08-04,262,7
2016-08-05,229,5
2016-08-06,115,6
2016-08-07,107,1
2016-08-08,270,6
2016-08-09,307,8
2016-08-10,243,11
2016-08-11,343,21
2016-08-12,252,11
2016-08-13,134,7
2016-08-14,122,1
2016-08-15,241,12
2016-08-16,320,19
2016-08-17,237,7
2016-08-18,240,6
2016-08-19,272,3
2016-08-20,127,3
2016-08-21,117,8
2016-08-22,255,10
2016-08-23,259,12
2016-08-24,268,14
2016-08-25,253,8
2016-08-26,226,11
2016-08-27,145,0
2016-08-28,117,5
2016-08-29,239,6
2016-08-30,264,11
2016-08-31,283,12
2016-09-01,246,10
2016-09-02,219,7
2016-09-03,111,5
2016-09-04,74,4
2016-09-05,86,2
2016-09-06,244,5
2016-09-07,324,10
2016-09-08,297,8
2016-09-09,311,15
2016-09-10,150,2
2016-09-11,113,3
2016-09-12,274,10
2016-09-13,336,19
2016-09-14,301,10
2016-09-15,328,14
2016-09-16,274,9
2016-09-17,159,5
2016-09-18,117,3
2016-09-19,240,3
2016-09-20,412,14
2016-09-21,349,18
2016-09-22,341,12
2016-09-23,264,12
2016-09-24,149,5
2016-09-25,149,4
2016-09-26,262,14
2016-09-27,330,19
2016-09-28,340,23
2016-09-29,375,35
2016-09-30,309,22
2016-10-01,157,9
2016-10-02,125,4
2016-10-03,326,20
2016-10-04,336,17
2016-10-05,326,28
2016-10-06,317,14
2016-10-07,252,10
2016-10-08,120,13
2016-10-09,93,2
2016-10-10,260,14
2016-10-11,327,22
2016-10-12,306,10
2016-10-13,311,12
2016-10-14,318,17
2016-10-15,163,3
2016-10-16,134,2
2016-10-17,277,17
2016-10-18,289,11
2016-10-19,293,19
2016-10-20,296,12
2016-10-21,308,18
2016-10-22,144,7
2016-10-23,108,1
2016-10-24,257,16
2016-10-25,320,14
2016-10-26,308,20
2016-10-27,263,15
2016-10-28,247,19
2016-10-29,152,9
2016-10-30,112,8
2016-10-31,297,21
2016-11-01,279,12
2016-11-02,263,12
2016-11-03,302,13
2016-11-04,256,22
2016-11-05,111,6
2016-11-06,141,3
2016-11-07,250,33
2016-11-08,251,19
2016-11-09,240,18
2016-11-10,237,21
2016-11-11,212,10
2016-11-12,123,7
2016-11-13,99,2
2016-11-14,260,14
2016-11-15,270,14
2016-11-16,280,18
2016-11-17,239,17
2016-11-18,218,18
2016-11-19,132,6
2016-11-20,113,1
2016-11-21,237,14
2016-11-22,270,9
2016-11-23,194,8
2016-11-24,74,4
2016-11-25,123,4
2016-11-26,121,4
2016-11-27,104,2
2016-11-28,217,9
2016-11-29,248,9
2016-11-30,276,14
2016-12-01,274,15
2016-12-02,258,17
2016-12-03,114,3
2016-12-04,128,4
2016-12-05,240,6
2016-12-06,306,13
2016-12-07,270,7
2016-12-08,284,18
2016-12-09,246,15
2016-12-10,121,6
2016-12-11,106,2
2016-12-12,233,12
2016-12-13,305,10
2016-12-14,273,8
2016-12-15,251,15
2016-12-16,315,22
2016-12-17,181,7
2016-12-18,102,6
2016-12-19,281,8
2016-12-20,253,9
2016-12-21,297,10
2016-12-22,230,9
2016-12-23,201,14
2016-12-24,80,5
2016-12-25,43,1
2016-12-26,117,2
2016-12-27,220,6
2016-12-28,294,12
2016-12-29,251,8
2016-12-30,211,7
2016-12-31,100,6
2017-01-01,60,4
2017-01-02,133,5
2017-01-03,273,8
2017-01-04,306,12
2017-01-05,298,17
2017-01-06,282,10
2017-01-07,153,8
2017-01-08,133,6
2017-01-09,246,8
2017-01-10,310,11
2017-01-11,302,11
2017-01-12,272,16
2017-01-13,284,11
2017-01-14,140,6
2017-01-15,102,4
2017-01-16,183,10
2017-01-17,269,15
2017-01-18,366,12
2017-01-19,1013,12
2017-01-20,809,17
2017-01-21,288,10
2017-01-22,204,12
2017-01-23,429,16
2017-01-24,491,18
2017-01-25,376,8
2017-01-26,442,13
2017-01-27,356,14
2017-01-28,166,5
2017-01-29,134,4
2017-01-30,296,9
2017-01-31,357,12
2017-02-01,322,13
2017-02-02,333,11
2017-02-03,348,17
2017-02-04,181,7
2017-02-05,181,7
2017-02-06,320,19
2017-02-07,362,8
2017-02-08,316,16
2017-02-09,332,11
2017-02-10,341,22
2017-02-11,221,10
2017-02-12,149,3
2017-02-13,284,11
2017-02-14,309,11
2017-02-15,377,12
2017-02-16,336,8
2017-02-17,289,15
2017-02-18,152,4
2017-02-19,128,4
2017-02-20,241,9
2017-02-21,294,6
2017-02-22,320,18
2017-02-23,303,12
2017-02-24,280,11
2017-02-25,181,3
2017-02-26,130,2
2017-02-27,273,9
2017-02-28,353,16
2017-03-01,307,12
2017-03-02,297,11
2017-03-03,270,11
2017-03-04,146,9
2017-03-05,112,6
2017-03-06,305,10
2017-03-07,376,16
2017-03-08,311,16
2017-03-09,294,12
2017-03-10,285,13
2017-03-11,166,9
2017-03-12,117,6
2017-03-13,301,7
2017-03-14,365,15
2017-03-15,350,13
2017-03-16,309,8
2017-03-17,280,5
2017-03-18,159,5
2017-03-19,143,3
2017-03-20,286,8
2017-03-21,319,13
2017-03-22,381,10
2017-03-23,318,7
2017-03-24,253,10
2017-03-25,156,5
2017-03-26,160,5
2017-03-27,284,2
2017-03-28,331,6
2017-03-29,405,12
2017-03-30,339,8
2017-03-31,337,14
2017-04-01,167,6
2017-04-02,106,1
2017-04-03,295,7
2017-04-04,382,8
2017-04-05,369,9
2017-04-06,354,11
2017-04-07,311,10
2017-04-08,148,4
2017-04-09,161,1
2017-04-10,305,8
2017-04-11,348,6
2017-04-12,306,8
2017-04-13,302,10
2017-04-14,316,7
2017-04-15,189,4
2017-04-16,113,2
2017-04-17,338,11
2017-04-18,330,10
2017-04-19,366,11
2017-04-20,350,13
2017-04-21,315,9
2017-04-22,4,0
2017-04-24,434,6
2017-04-25,512,9
2017-04-26,526,8
2017-04-27,413,5
2017-04-28,365,12
2017-04-29,230,6
2017-04-30,183,1
2017-05-01,350,12
2017-05-02,406,15
2017-05-03,432,7
2017-05-04,423,9
2017-05-05,408,15
2017-05-06,194,24
2017-05-07,151,3
2017-05-08,409,8
2017-05-09,433,9
2017-05-10,397,9
2017-05-11,352,7
2017-05-12,326,6
2017-05-13,179,3
2017-05-14,122,0
2017-05-15,296,6
2017-05-16,398,7
2017-05-17,398,9
2017-05-18,325,16
2017-05-19,361,48
2017-05-20,187,19
2017-05-21,159,19
2017-05-22,342,7
2017-05-23,449,29
2017-05-24,318,28
2017-05-25,316,37
2017-05-26,340,40
2017-05-27,189,18
2017-05-28,130,7
2017-05-29,166,22
2017-05-30,317,4
2017-05-31,421,8
2017-06-01,376,8
2017-06-02,311,9
2017-06-03,195,2
2017-06-04,158,3
2017-06-05,313,7
2017-06-06,426,13
2017-06-07,370,11
2017-06-08,372,7
2017-06-09,333,4
2017-06-10,190,2
2017-06-11,140,3
2017-06-12,365,8
2017-06-13,351,14
2017-06-14,332,10
2017-06-15,349,11
2017-06-16,300,5
2017-06-17,175,5
2017-06-18,129,3
2017-06-19,398,5
2017-06-20,443,10
2017-06-21,463,9
2017-06-22,352,6
2017-06-23,339,8
2017-06-24,152,7
2017-06-25,164,3
2017-06-26,319,6
2017-06-27,372,8
2017-06-28,390,7
2017-06-29,320,6
2017-06-30,278,9
2017-07-01,152,5
2017-07-02,194,0
2017-07-03,305,15
2017-07-04,179,1
2017-07-05,378,5
2017-07-06,346,7
2017-07-07,356,5
2017-07-08,219,2
2017-07-09,164,2
2017-07-10,392,8
2017-07-11,389,5
2017-07-12,483,4
2017-07-13,453,6
2017-07-14,399,6
2017-07-15,219,6
2017-07-16,158,3
2017-07-17,438,4
2017-07-18,466,8
2017-07-19,392,10
2017-07-20,346,7
2017-07-21,368,5
2017-07-22,184,6
2017-07-23,175,2
2017-07-24,393,8
2017-07-25,422,8
2017-07-26,416,8
2017-07-27,430,8
2017-07-28,401,17
2017-07-29,259,3
2017-07-30,176,5
2017-07-31,365,9
2017-08-01,469,8
2017-08-02,396,12
2017-08-03,412,4
2017-08-04,364,3
2017-08-05,197,3
2017-08-06,132,3
2017-08-07,358,3
2017-08-08,394,9
2017-08-09,382,4
2017-08-10,418,3
2017-08-11,392,9
2017-08-12,194,2
2017-08-13,192,2
2017-08-14,403,2
2017-08-15,408,8
2017-08-16,404,10
2017-08-17,429,8
2017-08-18,401,33
2017-08-19,186,4
2017-08-20,160,3
2017-08-21,364,9
2017-08-22,419,9
2017-08-23,372,7
2017-08-24,343,7
2017-08-25,354,4
2017-08-26,146,5
2017-08-27,129,5
2017-08-28,412,6
2017-08-29,376,10
2017-08-30,358,9
2017-08-31,340,7
2017-09-01,266,6
2017-09-02,189,5
2017-09-03,127,4
2017-09-04,160,2
2017-09-05,286,8
2017-09-06,356,6
2017-09-07,344,7
2017-09-08,1890,6
2017-09-09,1369,7
2017-09-10,365,1
2017-09-11,616,3
2017-09-12,570,3
2017-09-13,904,7
2017-09-14,564,4
2017-09-15,491,12
2017-09-16,252,4
2017-09-17,169,5
2017-09-18,455,11
2017-09-19,417,8
2017-09-20,367,8
2017-09-21,403,7
2017-09-22,369,5
2017-09-23,194,2
2017-09-24,189,5
2017-09-25,336,5
2017-09-26,452,14
2017-09-27,433,7
2017-09-28,361,10
2017-09-29,338,5
2017-09-30,224,3
2017-10-01,193,4
2017-10-02,378,2
2017-10-03,407,7
2017-10-04,374,4
2017-10-05,381,8
2017-10-06,348,8
2017-10-07,202,7
2017-10-08,184,5
2017-10-09,357,8
2017-10-10,386,10
2017-10-11,397,7
2017-10-12,368,9
2017-10-13,326,7
2017-10-14,186,2
2017-10-15,180,3
2017-10-16,395,5
2017-10-17,467,17
2017-10-18,359,9
2017-10-19,388,11
2017-10-20,314,8
2017-10-21,190,6
2017-10-22,214,5
2017-10-23,352,5
2017-10-24,430,9
2017-10-25,391,11
2017-10-26,337,7
2017-10-27,322,37
2017-10-28,196,26
2017-10-29,188,17
2017-10-30,326,36
2017-10-31,367,45
2017-11-01,304,39
2017-11-02,371,46
2017-11-03,310,41
2017-11-04,193,34
2017-11-05,161,24
2017-11-06,410,36
2017-11-07,391,51
2017-11-08,357,61
2017-11-09,367,45
2017-11-10,328,11
2017-11-11,212,5
2017-11-12,191,1
2017-11-13,377,7
2017-11-14,383,9
2017-11-15,353,17
2017-11-16,414,8
2017-11-17,356,15
2017-11-18,238,5
2017-11-19,186,4
2017-11-20,335,5
2017-11-21,341,7
2017-11-22,329,11
2017-11-23,154,2
2017-11-24,150,2
2017-11-25,185,7
2017-11-26,141,1
2017-11-27,393,7
2017-11-28,434,10
2017-11-29,482,7
2017-11-30,331,4
2017-12-01,338,9
2017-12-02,171,4
2017-12-03,159,6
2017-12-04,300,5
2017-12-05,373,10
2017-12-06,429,9
2017-12-07,359,5
2017-12-08,359,4
2017-12-09,221,6
2017-12-10,188,1
2017-12-11,333,10
2017-12-12,381,11
2017-12-13,361,4
2017-12-14,431,14
2017-12-15,351,8
2017-12-16,231,6
2017-12-17,218,22
2017-12-18,391,10
2017-12-19,406,6
2017-12-20,373,7
2017-12-21,331,10
2017-12-22,291,15
2017-12-23,198,4
2017-12-24,103,2
2017-12-25,114,2
2017-12-26,320,5
2017-12-27,397,8
2017-12-28,344,6
2017-12-29,355,9
2017-12-30,245,5
2017-12-31,154,2
2018-01-01,160,6
2018-01-02,346,7
2018-01-03,479,7
2018-01-04,441,14
2018-01-05,345,12
2018-01-06,258,2
2018-01-07,206,2
2018-01-08,462,9
2018-01-09,462,7
2018-01-10,425,5
2018-01-11,390,15
2018-01-12,393,8
2018-01-13,293,6
2018-01-14,270,10
2018-01-15,327,9
2018-01-16,438,7
2018-01-17,409,6
2018-01-18,470,13
2018-01-19,409,13
2018-01-20,279,5
2018-01-21,235,7
2018-01-22,410,5
2018-01-23,454,8
2018-01-24,461,10
2018-01-25,407,12
2018-01-26,427,9
2018-01-27,283,4
2018-01-28,202,3
2018-01-29,425,12
2018-01-30,451,8
2018-01-31,448,12
2018-02-01,417,3
2018-02-02,361,3
2018-02-03,247,4
2018-02-04,189,8
2018-02-05,391,4
2018-02-06,426,14
2018-02-07,521,12
2018-02-08,407,14
2018-02-09,425,10
2018-02-10,267,8
2018-02-11,245,4
2018-02-12,444,10
2018-02-13,460,14
2018-02-14,399,8
2018-02-15,396,7
2018-02-16,423,13
2018-02-17,227,7
2018-02-18,229,0
2018-02-19,350,9
2018-02-20,432,7
2018-02-21,482,9
2018-02-22,527,13
2018-02-23,391,13
2018-02-24,229,6
2018-02-25,262,5
2018-02-26,438,7
2018-02-27,469,11
2018-02-28,454,7
2018-03-01,425,6
2018-03-02,419,6
2018-03-03,266,6
2018-03-04,237,3
2018-03-05,417,6
2018-03-06,485,14
2018-03-07,434,8
2018-03-08,394,8
2018-03-09,407,9
2018-03-10,235,1
2018-03-11,204,4
2018-03-12,377,4
2018-03-13,461,8
2018-03-14,409,7
2018-03-15,456,10
2018-03-16,382,11
2018-03-17,206,4
2018-03-18,173,3
2018-03-19,458,5
2018-03-20,439,6
2018-03-21,440,7
2018-03-22,481,13
2018-03-23,402,8
2018-03-24,201,2
2018-03-25,214,1
2018-03-26,343,7
2018-03-27,418,10
2018-03-28,420,10
2018-03-29,413,8
2018-03-30,330,8
2018-03-31,193,4
2018-04-01,155,4
2018-04-02,451,10
2018-04-03,446,6
2018-04-04,414,5
2018-04-05,428,6
2018-04-06,339,3
2018-04-07,224,4
2018-04-08,174,4
2018-04-09,367,4
2018-04-10,438,7
2018-04-11,433,13
2018-04-12,439,10
2018-04-13,373,7
2018-04-14,223,5
2018-04-15,199,0
2018-04-16,386,2
2018-04-17,405,9
2018-04-18,420,5
2018-04-19,424,12
2018-04-20,438,10
2018-04-21,251,6
2018-04-22,205,1
2018-04-23,439,5
2018-04-24,463,3
2018-04-25,461,10
2018-04-26,441,9
2018-04-27,386,3
2018-04-28,272,2
2018-04-29,195,3
2018-04-30,373,8
2018-05-01,483,3
2018-05-02,461,9
2018-05-03,435,10
2018-05-04,405,11
2018-05-05,195,6
2018-05-06,164,4
2018-05-07,449,9
2018-05-08,431,11
2018-05-09,390,7
2018-05-10,385,6
2018-05-11,372,5
2018-05-12,218,6
2018-05-13,165,1
2018-05-14,342,4
2018-05-15,426,8
2018-05-16,424,10
2018-05-17,402,5
2018-05-18,337,9
2018-05-19,196,9
2018-05-20,183,3
2018-05-21,382,9
2018-05-22,389,6
2018-05-23,403,5
2018-05-24,384,6
2018-05-25,337,9
2018-05-26,186,1
2018-05-27,190,3
2018-05-28,180,2
2018-05-29,306,1
2018-05-30,362,12
2018-05-31,407,4
2018-06-01,320,6
2018-06-02,216,6
2018-06-03,183,2
2018-06-04,365,12
2018-06-05,422,7
2018-06-06,388,5
2018-06-07,390,8
2018-06-08,323,6
2018-06-09,170,3
2018-06-10,164,8
2018-06-11,318,5
2018-06-12,431,10
2018-06-13,375,13
2018-06-14,364,11
2018-06-15,332,12
2018-06-16,202,4
2018-06-17,126,2
2018-06-18,339,7
2018-06-19,368,2
2018-06-20,368,11
2018-06-21,336,8
2018-06-22,353,5
2018-06-23,139,3
2018-06-24,173,2
2018-06-25,351,11
2018-06-26,424,5
2018-06-27,317,13
2018-06-28,344,8
2018-06-29,292,12
2018-06-30,144,3
2018-07-01,137,2
2018-07-02,319,6
2018-07-03,361,18
2018-07-04,177,3
2018-07-05,345,10
2018-07-06,346,11
2018-07-07,204,6
2018-07-08,193,7
2018-07-09,361,9
2018-07-10,382,11
2018-07-11,370,10
2018-07-12,389,15
2018-07-13,370,7
2018-07-14,208,7
2018-07-15,188,3
2018-07-16,353,6
2018-07-17,400,5
2018-07-18,350,7
2018-07-19,344,10
2018-07-20,331,5
2018-07-21,215,5
2018-07-22,174,4
2018-07-23,356,11
2018-07-24,388,8
2018-07-25,416,12
2018-07-26,382,8
2018-07-27,364,12
2018-07-28,180,4
2018-07-29,156,3
2018-07-30,357,6
2018-07-31,377,8
2018-08-01,377,8
2018-08-02,372,11
2018-08-03,310,8
2018-08-04,229,9
2018-08-05,147,1
2018-08-06,349,7
2018-08-07,412,7
2018-08-08,372,8
2018-08-09,228,4
2018-08-10,318,11
2018-08-11,177,4
2018-08-12,219,1
2018-08-13,329,8
2018-08-14,357,5
2018-08-15,409,12
2018-08-16,385,9
2018-08-17,338,11
2018-08-18,175,3
2018-08-19,194,4
2018-08-20,382,8
2018-08-21,458,6
2018-08-22,353,11
2018-08-23,380,9
2018-08-24,359,7
2018-08-25,216,2
2018-08-26,173,1
2018-08-27,348,10
2018-08-28,391,7
2018-08-29,416,9
2018-08-30,343,7
2018-08-31,317,5
2018-09-01,162,2
2018-09-02,147,4
2018-09-03,207,4
2018-09-04,350,4
2018-09-05,354,10
2018-09-06,328,4
2018-09-07,323,5
2018-09-08,184,6
2018-09-09,149,3
2018-09-10,336,6
2018-09-11,365,9
2018-09-12,317,17
2018-09-13,339,7
2018-09-14,295,13
2018-09-15,185,3
2018-09-16,170,3
2018-09-17,328,3
2018-09-18,408,14
2018-09-19,302,7
2018-09-20,342,5
2018-09-21,313,10
2018-09-22,191,7
2018-09-23,149,9
2018-09-24,378,12
2018-09-25,374,6
2018-09-26,351,5
2018-09-27,345,4
2018-09-28,292,4
2018-09-29,191,0
2018-09-30,165,4
2018-10-01,362,7
2018-10-02,386,15
2018-10-03,446,12
2018-10-04,314,3
2018-10-05,318,6
2018-10-06,159,4
2018-10-07,166,2
2018-10-08,313,5
2018-10-09,380,7
2018-10-10,397,9
2018-10-11,385,5
2018-10-12,385,6
2018-10-13,168,4
2018-10-14,146,3
2018-10-15,408,13
2018-10-16,476,5
2018-10-17,399,6
2018-10-18,394,10
2018-10-19,360,5
2018-10-20,205,3
2018-10-21,175,4
2018-10-22,368,5
2018-10-23,388,3
2018-10-24,394,7
2018-10-25,364,3
2018-10-26,337,7
2018-10-27,219,4
2018-10-28,154,2
2018-10-29,391,6
2018-10-30,382,4
2018-10-31,310,5
2018-11-01,331,1
2018-11-02,357,4
2018-11-03,208,5
2018-11-04,146,2
2018-11-05,325,10
2018-11-06,403,4
2018-11-07,368,5
2018-11-08,359,4
2018-11-09,325,8
2018-11-10,172,6
2018-11-11,119,3
2018-11-12,278,7
2018-11-13,366,9
2018-11-14,397,5
2018-11-15,316,7
2018-11-16,360,4
2018-11-17,204,6
2018-11-18,129,4
2018-11-19,290,7
2018-11-20,415,13
2018-11-21,311,3
2018-11-22,157,1
2018-11-23,181,2
2018-11-24,193,3
2018-11-25,165,3
2018-11-26,406,3
2018-11-27,412,3
2018-11-28,397,4
2018-11-29,392,8
2018-11-30,347,12
2018-12-01,212,2
2018-12-02,149,1
2018-12-03,287,5
2018-12-04,384,3
2018-12-05,409,5
2018-12-06,378,7
2018-12-07,322,2
2018-12-08,193,2
2018-12-09,175,1
2018-12-10,320,11
2018-12-11,419,8
2018-12-12,381,8
2018-12-13,385,7
2018-12-14,338,7
2018-12-15,221,5
2018-12-16,169,5
2018-12-17,268,5
2018-12-18,396,12
2018-12-19,399,5
2018-12-20,377,5
2018-12-21,387,8
2018-12-22,159,3
2018-12-23,147,4
2018-12-24,188,2
2018-12-25,80,2
2018-12-26,278,6
2018-12-27,378,5
2018-12-28,295,3
2018-12-29,196,1
2018-12-30,99,1
2018-12-31,260,7
2019-01-01,127,1
2019-01-02,282,0
2019-01-03,356,10
2019-01-04,298,5
2019-01-05,192,4
2019-01-06,120,3
2019-01-07,306,7
2019-01-08,363,4
2019-01-09,377,4
2019-01-10,323,10
2019-01-11,280,2
2019-01-12,193,3
2019-01-13,157,3
2019-01-14,307,7
2019-01-15,327,3
2019-01-16,329,13
2019-01-17,331,4
2019-01-18,257,1
2019-01-19,194,6
2019-01-20,131,3
2019-01-21,224,2
2019-01-22,282,5
2019-01-23,301,5
2019-01-24,306,6
2019-01-25,320,6
2019-01-26,195,5
2019-01-27,150,5
2019-01-28,326,6
2019-01-29,381,6
2019-01-30,388,6
2019-01-31,405,7
2019-02-01,381,8
2019-02-02,235,3
2019-02-03,164,4
2019-02-04,335,5
2019-02-05,396,12
2019-02-06,383,6
2019-02-07,380,6
2019-02-08,364,5
2019-02-09,290,2
2019-02-10,200,5
2019-02-11,414,14
2019-02-12,484,10
2019-02-13,418,7
2019-02-14,373,10
2019-02-15,382,8
2019-02-16,220,4
2019-02-17,189,6
2019-02-18,326,8
2019-02-19,457,7
2019-02-20,433,7
2019-02-21,417,6
2019-02-22,380,3
2019-02-23,226,7
2019-02-24,197,4
2019-02-25,317,3
2019-02-26,423,33
2019-02-27,423,33
2019-02-28,401,6
2019-03-01,371,7
2019-03-02,219,6
2019-03-03,178,3
2019-03-04,417,1
2019-03-05,472,7
2019-03-06,374,7
2019-03-07,387,8
2019-03-08,422,2
2019-03-09,246,3
2019-03-10,164,2
2019-03-11,326,6
2019-03-12,429,12
2019-03-13,399,9
2019-03-14,317,6
2019-03-15,381,8
2019-03-16,245,5
2019-03-17,156,1
2019-03-18,338,7
2019-03-19,424,7
2019-03-20,439,4
2019-03-21,400,5
2019-03-22,389,6
2019-03-23,222,6
2019-03-24,169,1
2019-03-25,391,14
2019-03-26,508,10
2019-03-27,418,9
2019-03-28,411,11
2019-03-29,373,6
2019-03-30,215,4
2019-03-31,161,2
2019-04-01,347,7
2019-04-02,490,6
2019-04-03,410,5
2019-04-04,368,6
2019-04-05,365,8
2019-04-06,222,2
2019-04-07,187,5
2019-04-08,407,9
2019-04-09,465,8
2019-04-10,388,5
2019-04-11,470,9
2019-04-12,392,5
2019-04-13,234,4
2019-04-14,161,0
2019-04-15,372,5
2019-04-16,390,5
2019-04-17,405,7
2019-04-18,367,10
2019-04-19,382,11
2019-04-20,185,2
2019-04-21,60,1
2019-04-22,229,5
2019-04-23,419,4
2019-04-24,403,4
2019-04-25,434,8
2019-04-26,374,5
2019-04-27,257,8
2019-04-28,173,2
2019-04-29,349,5
2019-04-30,385,2
2019-05-01,375,8
2019-05-02,399,6
2019-05-03,381,8
2019-05-04,197,7
2019-05-05,167,7
2019-05-06,342,4
2019-05-07,407,5
2019-05-08,396,6
2019-05-09,353,6
2019-05-10,382,5
2019-05-11,196,2
2019-05-12,161,4
2019-05-13,346,5
2019-05-14,488,8
2019-05-15,384,25
2019-05-16,412,12
2019-05-17,384,8
2019-05-18,225,7
2019-05-19,189,1
2019-05-20,318,3
2019-05-21,463,5
2019-05-22,459,5
2019-05-23,372,8
2019-05-24,356,12
2019-05-25,215,3
2019-05-26,165,3
2019-05-27,171,2
2019-05-28,384,5
2019-05-29,519,11
2019-05-30,440,9
2019-05-31,426,9
2019-06-01,215,1
2019-06-02,196,9
2019-06-03,385,8
2019-06-04,391,10
2019-06-05,420,6
2019-06-06,427,4
2019-06-07,357,7
2019-06-08,226,4
2019-06-09,177,2
2019-06-10,392,7
2019-06-11,473,4
2019-06-12,475,9
2019-06-13,396,5
2019-06-14,331,8
2019-06-15,210,4
2019-06-16,198,2
2019-06-17,456,9
2019-06-18,537,7
2019-06-19,442,7
2019-06-20,494,11
2019-06-21,431,12
2019-06-22,220,4
2019-06-23,245,4
2019-06-24,433,6
2019-06-25,426,4
2019-06-26,426,5
2019-06-27,408,8
2019-06-28,390,5
2019-06-29,214,1
2019-06-30,215,5
2019-07-01,370,7
2019-07-02,471,4
2019-07-03,421,7
2019-07-04,228,1
2019-07-05,298,4
2019-07-06,212,3
2019-07-07,168,6
2019-07-08,360,6
2019-07-09,469,4
2019-07-10,429,5
2019-07-11,386,8
2019-07-12,382,7
2019-07-13,243,1
2019-07-14,166,1
2019-07-15,378,10
2019-07-16,442,7
2019-07-17,425,10
2019-07-18,443,11
2019-07-19,362,2
2019-07-20,235,5
2019-07-21,191,4
2019-07-22,414,9
2019-07-23,418,7
2019-07-24,374,4
2019-07-25,560,5
2019-07-26,368,7
2019-07-27,261,4
2019-07-28,225,4
2019-07-29,414,7
2019-07-30,543,7
2019-07-31,505,5
2019-08-01,473,3
2019-08-02,450,6
2019-08-03,243,3
2019-08-04,165,2
2019-08-05,414,1
2019-08-06,517,8
2019-08-07,527,8
2019-08-08,468,6
2019-08-09,428,11
2019-08-10,247,12
2019-08-11,224,2
2019-08-12,441,4
2019-08-13,539,7
2019-08-14,445,2
2019-08-15,452,4
2019-08-16,440,7
2019-08-17,233,6
2019-08-18,197,5
2019-08-19,428,2
2019-08-20,568,9
2019-08-21,499,7
2019-08-22,477,7
2019-08-23,371,4
2019-08-24,230,4
2019-08-25,233,1
2019-08-26,472,10
2019-08-27,466,8
2019-08-28,440,7
2019-08-29,448,8
2019-08-30,312,7
2019-08-31,208,3
2019-09-01,146,3
2019-09-02,170,4
2019-09-03,358,0
2019-09-04,370,3
2019-09-05,393,5
2019-09-06,393,4
2019-09-07,229,3
2019-09-08,220,4
2019-09-09,429,9
2019-09-10,450,6
2019-09-11,458,10
2019-09-12,399,4
2019-09-13,422,2
2019-09-14,255,6
2019-09-15,176,5
2019-09-16,411,7
2019-09-17,439,5
2019-09-18,369,6
2019-09-19,487,8
2019-09-20,390,6
2019-09-21,223,4
2019-09-22,208,1
2019-09-23,461,7
2019-09-24,460,7
2019-09-25,450,10
2019-09-26,421,11
2019-09-27,368,7
2019-09-28,235,3
2019-09-29,188,6
2019-09-30,367,9
2019-10-01,446,9
2019-10-02,474,8
2019-10-03,425,12
2019-10-04,415,17
2019-10-05,253,3
2019-10-06,176,3
2019-10-07,422,5
2019-10-08,435,9
2019-10-09,450,7
2019-10-10,395,9
2019-10-11,368,1
2019-10-12,243,4
2019-10-13,217,3
2019-10-14,325,4
2019-10-15,426,3
2019-10-16,476,9
2019-10-17,446,8
2019-10-18,406,7
2019-10-19,243,7
2019-10-20,207,3
2019-10-21,399,9
2019-10-22,553,9
2019-10-23,472,6
2019-10-24,452,5
2019-10-25,371,11
2019-10-26,199,5
2019-10-27,188,3
2019-10-28,415,10
2019-10-29,486,5
2019-10-30,520,7
2019-10-31,404,6
2019-11-01,428,7
2019-11-02,250,6
2019-11-03,195,3
2019-11-04,396,10
2019-11-05,574,10
2019-11-06,292,4
2019-11-07,413,8
2019-11-08,462,10
2019-11-09,185,5
2019-11-10,177,3
2019-11-11,322,8
2019-11-12,370,4
2019-11-13,536,8
2019-11-14,399,4
2019-11-15,336,11
2019-11-16,265,0
2019-11-17,173,4
2019-11-18,388,5
2019-11-19,484,8
2019-11-20,488,6
2019-11-21,442,12
2019-11-22,395,11
2019-11-23,240,3
2019-11-24,229,5
2019-11-25,437,5
2019-11-26,471,5
2019-11-27,329,7
2019-11-28,162,1
2019-11-29,190,4
2019-11-30,215,5
2019-12-01,245,6
2019-12-02,415,8
2019-12-03,381,6
2019-12-04,471,10
2019-12-05,398,7
2019-12-06,334,6
2019-12-07,222,6
2019-12-08,206,4
2019-12-09,337,9
2019-12-10,399,6
2019-12-11,387,4
2019-12-12,411,7
2019-12-13,340,6
2019-12-14,201,1
2019-12-15,175,2
2019-12-16,319,5
2019-12-17,478,14
2019-12-18,396,5
2019-12-19,398,4
2019-12-20,349,6
2019-12-21,211,4
2019-12-22,180,0
2019-12-23,323,4
2019-12-24,190,4
2019-12-25,97,1
2019-12-26,285,3
2019-12-27,361,9
2019-12-28,188,2
2019-12-29,225,4
2019-12-30,434,7
2019-12-31,304,4
2020-01-01,188,5
2020-01-02,338,9
2020-01-03,370,8
2020-01-04,272,5
2020-01-05,247,7
2020-01-06,387,3
2020-01-07,486,10
2020-01-08,465,7
2020-01-09,476,7
2020-01-10,465,11
2020-01-11,285,3
2020-01-12,208,4
2020-01-13,383,7
2020-01-14,478,13
2020-01-15,523,19
2020-01-16,467,4
2020-01-17,453,7
2020-01-18,265,1
2020-01-19,157,1
2020-01-20,318,8
2020-01-21,466,12
2020-01-22,449,10
2020-01-23,468,10
2020-01-24,433,6
2020-01-25,274,5
2020-01-26,179,0
2020-01-27,399,9
2020-01-28,444,8
2020-01-29,379,10
2020-01-30,436,9
2020-01-31,417,8
2020-02-01,230,3
2020-02-02,159,6
2020-02-03,337,5
2020-02-04,444,10
2020-02-05,480,8
2020-02-06,450,7
2020-02-07,412,9
2020-02-08,248,1
2020-02-09,270,2
2020-02-10,451,6
2020-02-11,466,5
2020-02-12,453,8
2020-02-13,449,3
2020-02-14,339,4
2020-02-15,266,7
2020-02-16,227,3
2020-02-17,357,5
2020-02-18,447,3
2020-02-19,467,14
2020-02-20,438,6
2020-02-21,487,3
2020-02-22,236,3
2020-02-23,192,2
2020-02-24,434,8
2020-02-25,461,5
2020-02-26,513,11
2020-02-27,440,1
2020-02-28,483,10
2020-02-29,319,7
2020-03-01,256,7
2020-03-02,434,8
2020-03-03,555,10
2020-03-04,520,6
2020-03-05,485,15
2020-03-06,463,14
2020-03-07,262,10
2020-03-08,234,1
2020-03-09,447,10
2020-03-10,520,7
2020-03-11,476,8
2020-03-12,493,6
2020-03-13,467,6
2020-03-14,280,3
2020-03-15,203,3
2020-03-16,433,6
2020-03-17,496,7
2020-03-18,493,5
2020-03-19,482,4
2020-03-20,448,5
2020-03-21,235,5
2020-03-22,209,6
2020-03-23,560,8
2020-03-24,462,7
2020-03-25,455,8
2020-03-26,565,12
2020-03-27,515,6
2020-03-28,365,3
2020-03-29,243,4
2020-03-30,539,2
2020-03-31,538,2
2020-04-01,569,8
2020-04-02,541,2
2020-04-03,538,12
2020-04-04,379,5
2020-04-05,227,0
2020-04-06,618,12
2020-04-07,571,8
2020-04-08,589,5
2020-04-09,543,7
2020-04-10,582,8
2020-04-11,261,4
2020-04-12,259,1
2020-04-13,513,3
2020-04-14,565,8
2020-04-15,476,7
2020-04-16,575,9
2020-04-17,601,5
2020-04-18,393,6
2020-04-19,325,5
2020-04-20,454,9
2020-04-21,548,14
2020-04-22,643,10
2020-04-23,637,6
2020-04-24,590,7
2020-04-25,367,6
2020-04-26,325,8
2020-04-27,568,8
2020-04-28,643,12
2020-04-29,639,12
2020-04-30,663,10
2020-05-01,527,4
2020-05-02,327,5
2020-05-03,259,7
2020-05-04,575,9
2020-05-05,737,13
2020-05-06,718,4
2020-05-07,574,3
2020-05-08,623,6
2020-05-09,312,7
2020-05-10,265,6
2020-05-11,585,8
2020-05-12,700,18
2020-05-13,626,9
2020-05-14,664,6
2020-05-15,635,8
2020-05-16,419,12
2020-05-17,279,3
2020-05-18,612,4
2020-05-19,660,6
2020-05-20,674,8
2020-05-21,745,14
2020-05-22,600,4
2020-05-23,341,5
2020-05-24,281,3
2020-05-25,287,6
2020-05-26,703,13
2020-05-27,669,19
2020-05-28,696,10
2020-05-29,651,10
2020-05-30,348,4
2020-05-31,256,1
2020-06-01,587,5
2020-06-02,654,7
2020-06-03,581,8
2020-06-04,644,2
2020-06-05,557,10
2020-06-06,348,3
2020-06-07,203,4
2020-06-08,504,14
2020-06-09,630,8
2020-06-10,712,2
2020-06-11,674,4
2020-06-12,714,12
2020-06-13,410,9
2020-06-14,233,1
2020-06-15,483,8
2020-06-16,596,6
2020-06-17,659,9
2020-06-18,620,6
2020-06-19,489,9
2020-06-20,326,11
2020-06-21,232,2
2020-06-22,540,10
2020-06-23,669,9
2020-06-24,640,4
2020-06-25,614,8
2020-06-26,572,7
2020-06-27,318,10
2020-06-28,277,3
2020-06-29,496,8
2020-06-30,728,7
2020-07-01,740,7
2020-07-02,647,6
2020-07-03,442,11
2020-07-04,247,2
2020-07-05,225,2
2020-07-06,642,5
2020-07-07,755,11
2020-07-08,655,7
2020-07-09,624,3
2020-07-10,620,8
2020-07-11,338,5
2020-07-12,329,5
2020-07-13,643,4
2020-07-14,729,11
2020-07-15,605,7
2020-07-16,617,2
2020-07-17,708,10
2020-07-18,378,5
2020-07-19,257,5
2020-07-20,648,6
2020-07-21,645,8
2020-07-22,670,10
2020-07-23,639,9
2020-07-24,603,7
2020-07-25,443,8
2020-07-26,240,3
2020-07-27,625,8
2020-07-28,680,9
2020-07-29,647,7
2020-07-30,596,5
2020-07-31,618,3
2020-08-01,341,6
2020-08-02,248,3
2020-08-03,633,4
2020-08-04,603,8
2020-08-05,576,8
2020-08-06,645,5
2020-08-07,612,10
2020-08-08,330,2
2020-08-09,273,3
2020-08-10,579,5
2020-08-11,735,9
2020-08-12,727,6
2020-08-13,662,1
2020-08-14,626,7
2020-08-15,352,7
2020-08-16,278,3
2020-08-17,495,11
2020-08-18,673,5
2020-08-19,676,7
2020-08-20,604,2
2020-08-21,464,5
2020-08-22,350,3
2020-08-23,316,4
2020-08-24,532,6
2020-08-25,647,5
2020-08-26,605,6
2020-08-27,574,7
2020-08-28,574,8
2020-08-29,350,8
2020-08-30,245,5
2020-08-31,537,8
2020-09-01,568,10
2020-09-02,532,9
2020-09-03,544,2
2020-09-04,487,10
2020-09-05,297,5
2020-09-06,251,1
2020-09-07,322,5
2020-09-08,506,11
2020-09-09,609,16
2020-09-10,611,5
2020-09-11,600,10
2020-09-12,343,2
2020-09-13,213,3
2020-09-14,612,10
2020-09-15,624,7
2020-09-16,601,8
2020-09-17,629,11
2020-09-18,537,7
2020-09-19,312,4
2020-09-20,316,2
2020-09-21,533,5
2020-09-22,588,9
2020-09-23,565,7
2020-09-24,478,7
2020-09-25,444,5
2020-09-26,319,4
2020-09-27,199,3
2020-09-28,458,9
2020-09-29,594,11
2020-09-30,516,7
2020-10-01,509,9
2020-10-02,481,9
2020-10-03,253,7
2020-10-04,223,0
2020-10-05,470,4
2020-10-06,540,7
2020-10-07,674,7
2020-10-08,566,11
2020-10-09,579,7
2020-10-10,351,3
2020-10-11,281,3
2020-10-12,566,7
2020-10-13,543,6
2020-10-14,546,7
2020-10-15,581,5
2020-10-16,455,11
2020-10-17,221,5
2020-10-18,271,1
2020-10-19,621,12
2020-10-20,640,14
2020-10-21,640,5
2020-10-22,519,5
2020-10-23,505,5
2020-10-24,248,5
2020-10-25,289,7
2020-10-26,536,5
2020-10-27,531,6
2020-10-28,497,10
2020-10-29,480,6
2020-10-30,471,9
2020-10-31,247,2
2020-11-01,216,4
2020-11-02,467,5
2020-11-03,511,12
2020-11-04,519,7
2020-11-05,531,3
2020-11-06,421,5
2020-11-07,276,5
2020-11-08,266,2
2020-11-09,506,6
2020-11-10,617,4
2020-11-11,618,7
2020-11-12,547,4
2020-11-13,628,10
2020-11-14,325,7
2020-11-15,342,3
2020-11-16,581,3
2020-11-17,596,11
2020-11-18,680,9
2020-11-19,565,6
2020-11-20,507,12
2020-11-21,306,6
2020-11-22,276,5
2020-11-23,479,7
2020-11-24,619,7
2020-11-25,537,8
2020-11-26,329,5
2020-11-27,456,2
2020-11-28,304,6
2020-11-29,262,6
2020-11-30,574,11
2020-12-01,682,11
2020-12-02,690,6
2020-12-03,654,7
2020-12-04,547,11
2020-12-05,361,7
2020-12-06,285,4
2020-12-07,504,8
2020-12-08,640,9
2020-12-09,597,9
2020-12-10,592,10
2020-12-11,492,10
2020-12-12,334,7
2020-12-13,288,1
2020-12-14,676,5
2020-12-15,788,7
2020-12-16,635,7
2020-12-17,671,11
2020-12-18,553,7
2020-12-19,320,3
2020-12-20,291,2
2020-12-21,461,6
2020-12-22,631,7
2020-12-23,548,8
2020-12-24,411,8
2020-12-25,205,2
2020-12-26,250,1
2020-12-27,239,10
2020-12-28,642,4
2020-12-29,716,4
2020-12-30,679,3
2020-12-31,481,10
2021-01-01,247,5
2021-01-02,346,4
2021-01-03,279,2
2021-01-04,646,3
2021-01-05,834,14
2021-01-06,748,5
2021-01-07,588,7
2021-01-08,601,7
2021-01-09,357,4
2021-01-10,247,1
2021-01-11,602,9
2021-01-12,686,9
2021-01-13,627,12
2021-01-14,641,10
2021-01-15,679,9
2021-01-16,323,3
2021-01-17,295,4
2021-01-18,500,3
2021-01-19,652,4
2021-01-20,653,10
2021-01-21,746,5
2021-01-22,613,7
2021-01-23,301,4
2021-01-24,302,0
2021-01-25,609,4
2021-01-26,716,13
2021-01-27,657,5
2021-01-28,687,11
2021-01-29,716,6
2021-01-30,293,4
2021-01-31,249,2
2021-02-01,547,8
2021-02-02,692,5
2021-02-03,636,7
2021-02-04,690,6
2021-02-05,657,3
2021-02-06,386,9
2021-02-07,251,1
2021-02-08,565,14
2021-02-09,679,16
2021-02-10,658,12
2021-02-11,653,13
2021-02-12,630,12
2021-02-13,334,3
2021-02-14,223,2
2021-02-15,420,11
2021-02-16,579,10
2021-02-17,601,10
2021-02-18,619,11
2021-02-19,564,8
2021-02-20,372,5
2021-02-21,309,2
2021-02-22,575,8
2021-02-23,719,5
2021-02-24,672,12
2021-02-25,654,8
2021-02-26,632,10
2021-02-27,379,5
2021-02-28,279,4
2021-03-01,673,7
2021-03-02,731,8
2021-03-03,680,14
2021-03-04,735,10
2021-03-05,693,13
2021-03-06,332,3
2021-03-07,284,2
2021-03-08,704,7
2021-03-09,847,14
2021-03-10,781,10
2021-03-11,673,11
2021-03-12,606,11
2021-03-13,397,5
2021-03-14,383,1
2021-03-15,622,11
2021-03-16,682,11
2021-03-17,718,15
2021-03-18,709,10
2021-03-19,624,10
2021-03-20,352,6
2021-03-21,322,9
2021-03-22,669,10
2021-03-23,668,12
2021-03-24,650,12
2021-03-25,745,7
2021-03-26,660,13
2021-03-27,310,2
2021-03-28,325,4
2021-03-29,607,10
2021-03-30,664,11
2021-03-31,673,11
2021-04-01,651,5
2021-04-02,575,5
2021-04-03,402,6
2021-04-04,220,4
2021-04-05,572,9
2021-04-06,699,7
2021-04-07,726,9
2021-04-08,616,5
2021-04-09,602,10
2021-04-10,343,3
2021-04-11,281,5
2021-04-12,683,6
2021-04-13,666,14
2021-04-14,689,13
2021-04-15,643,14
2021-04-16,604,9
2021-04-17,366,3
2021-04-18,272,3
2021-04-19,540,8
2021-04-20,550,12
2021-04-21,684,7
2021-04-22,631,7
2021-04-23,548,5
2021-04-24,326,5
2021-04-25,207,5
2021-04-26,583,8
2021-04-27,656,11
2021-04-28,658,36
2021-04-29,596,7
2021-04-30,582,8
2021-05-01,351,2
2021-05-02,360,7
2021-05-03,588,7
2021-05-04,772,7
2021-05-05,727,12
2021-05-06,698,10
2021-05-07,547,4
2021-05-08,334,3
2021-05-09,292,4
2021-05-10,635,7
2021-05-11,709,10
2021-05-12,729,7
2021-05-13,632,5
2021-05-14,610,10
2021-05-15,320,3
2021-05-16,275,7
2021-05-17,630,12
2021-05-18,670,8
2021-05-19,651,9
2021-05-20,693,8
2021-05-21,620,13
2021-05-22,304,5
2021-05-23,286,5
2021-05-24,621,7
2021-05-25,652,17
2021-05-26,641,8
2021-05-27,649,9
2021-05-28,477,7
2021-05-29,296,9
2021-05-30,222,5
2021-05-31,330,6
2021-06-01,580,11
2021-06-02,744,8
2021-06-03,654,15
2021-06-04,579,11
2021-06-05,302,8
2021-06-06,264,6
2021-06-07,596,10
2021-06-08,667,15
2021-06-09,772,13
2021-06-10,721,17
2021-06-11,653,11
2021-06-12,347,3
2021-06-13,297,13
2021-06-14,671,12
2021-06-15,786,19
2021-06-16,742,15
2021-06-17,664,14
2021-06-18,586,10
2021-06-19,306,8
2021-06-20,201,2
2021-06-21,651,19
2021-06-22,753,17
2021-06-23,824,16
2021-06-24,653,16
2021-06-25,642,18
2021-06-26,375,10
2021-06-27,237,4
2021-06-28,628,11
2021-06-29,711,15
2021-06-30,768,11
2021-07-01,791,11
2021-07-02,634,9
2021-07-03,331,8
2021-07-04,225,6
2021-07-05,386,6
2021-07-06,741,12
2021-07-07,913,23
2021-07-08,727,24
2021-07-09,652,14
2021-07-10,492,9
2021-07-11,374,3
2021-07-12,725,7
2021-07-13,778,13
2021-07-14,757,10
2021-07-15,755,10
2021-07-16,659,10
2021-07-17,332,5
2021-07-18,350,6
2021-07-19,740,16
2021-07-20,766,9
2021-07-21,665,8
2021-07-22,660,11
2021-07-23,566,13
2021-07-24,301,10
2021-07-25,277,2
2021-07-26,710,10
2021-07-27,741,18
2021-07-28,701,12
2021-07-29,683,11
2021-07-30,666,8
2021-07-31,307,2
2021-08-01,312,4
2021-08-02,658,7
2021-08-03,754,13
2021-08-04,678,13
2021-08-05,619,14
2021-08-06,609,9
2021-08-07,343,1
2021-08-08,242,3
2021-08-09,681,10
2021-08-10,768,10
2021-08-11,726,11
2021-08-12,709,8
2021-08-13,634,5
2021-08-14,279,5
2021-08-15,224,2
2021-08-16,547,11
2021-08-17,655,11
2021-08-18,612,11
2021-08-19,652,14
2021-08-20,548,9
2021-08-21,301,9
2021-08-22,263,10
2021-08-23,725,11
2021-08-24,638,16
2021-08-25,670,12
2021-08-26,628,12
2021-08-27,611,11
2021-08-28,272,6
2021-08-29,251,4
2021-08-30,627,9
2021-08-31,692,7
2021-09-01,729,16
2021-09-02,731,11
2021-09-03,605,11
2021-09-04,329,8
2021-09-05,270,5
2021-09-06,412,10
2021-09-07,576,5
2021-09-08,680,10
2021-09-09,689,8
2021-09-10,624,19
2021-09-11,291,9
2021-09-12,288,4
2021-09-13,686,8
2021-09-14,645,10
2021-09-15,763,8
2021-09-16,671,7
2021-09-17,629,9
2021-09-18,323,5
2021-09-19,253,5
2021-09-20,595,6
2021-09-21,741,8
2021-09-22,741,17
2021-09-23,679,8
2021-09-24,585,3
2021-09-25,306,2
2021-09-26,255,5
2021-09-27,589,15
2021-09-28,642,13
2021-09-29,672,12
2021-09-30,589,7
2021-10-01,618,9
2021-10-02,378,6
2021-10-03,251,2
2021-10-04,669,10
2021-10-05,690,10
2021-10-06,785,14
2021-10-07,750,7
2021-10-08,671,7
2021-10-09,304,5
2021-10-10,258,3
2021-10-11,599,7
2021-10-12,665,10
2021-10-13,634,8
2021-10-14,688,7
2021-10-15,615,8
2021-10-16,302,8
2021-10-17,274,2
2021-10-18,739,12
2021-10-19,787,10
2021-10-20,655,12
2021-10-21,693,9
2021-10-22,594,8
2021-10-23,297,5
2021-10-24,254,4
2021-10-25,560,8
2021-10-26,635,8
2021-10-27,703,14
2021-10-28,659,8
2021-10-29,495,8
2021-10-30,288,6
2021-10-31,199,4
2021-11-01,595,2
2021-11-02,735,17
2021-11-03,717,17
2021-11-04,646,11
2021-11-05,608,7
2021-11-06,417,1
2021-11-07,268,5
2021-11-08,629,7
2021-11-09,742,9
2021-11-10,720,9
2021-11-11,719,8
2021-11-12,712,11
2021-11-13,420,2
2021-11-14,288,1
2021-11-15,720,9
2021-11-16,655,9
2021-11-17,697,9
2021-11-18,652,11
2021-11-19,598,10
2021-11-20,335,7
2021-11-21,230,3
2021-11-22,607,4
2021-11-23,687,6
2021-11-24,639,9
2021-11-25,365,0
2021-11-26,429,3
2021-11-27,311,4
2021-11-28,271,0
2021-11-29,850,6
2021-11-30,705,7
2021-12-01,854,56
2021-12-02,835,21
2021-12-03,774,23
2021-12-04,378,11
2021-12-05,255,18
2021-12-06,827,10
2021-12-07,816,7
2021-12-08,859,12
2021-12-09,733,10
2021-12-10,583,5
2021-12-11,282,5
2021-12-12,270,6
2021-12-13,771,7
2021-12-14,797,2
2021-12-15,760,3
2021-12-16,714,6
2021-12-17,661,5
2021-12-18,366,10
2021-12-19,228,4
2021-12-20,601,7
2021-12-21,707,3
2021-12-22,681,4
2021-12-23,616,8
2021-12-24,311,4
2021-12-25,198,3
2021-12-26,184,2
2021-12-27,548,7
2021-12-28,750,10
2021-12-29,686,8
2021-12-30,665,3
2021-12-31,457,7
2022-01-01,229,4
2022-01-02,284,4
2022-01-03,690,6
2022-01-04,678,3
2022-01-05,800,7
2022-01-06,779,8
2022-01-07,814,11
2022-01-08,494,6
2022-01-09,361,4
2022-01-10,852,7
2022-01-11,791,4
2022-01-12,702,4
2022-01-13,746,8
2022-01-14,760,7
2022-01-15,511,4
2022-01-16,310,4
2022-01-17,613,3
2022-01-18,673,2
2022-01-19,871,11
2022-01-20,812,10
2022-01-21,724,8
2022-01-22,412,6
2022-01-23,321,4
2022-01-24,619,8
2022-01-25,786,10
2022-01-26,831,6
2022-01-27,742,5
2022-01-28,675,7
2022-01-29,428,0
2022-01-30,382,4
2022-01-31,858,11
2022-02-01,891,12
2022-02-02,853,5
2022-02-03,946,5
2022-02-04,976,8
2022-02-05,430,6
2022-02-06,363,4
2022-02-07,722,9
2022-02-08,876,7
2022-02-09,752,8
2022-02-10,901,7
2022-02-11,879,7
2022-02-12,478,8
2022-02-13,371,3
2022-02-14,865,15
2022-02-15,944,7
2022-02-16,1031,7
2022-02-17,1088,8
2022-02-18,871,12
2022-02-19,642,5
2022-02-20,377,3
2022-02-21,787,6
2022-02-22,977,5
2022-02-23,1110,12
2022-02-24,1078,10
2022-02-25,743,9
2022-02-26,399,1
2022-02-27,381,3
2022-02-28,760,8
2022-03-01,924,11
2022-03-02,849,11
2022-03-03,820,8
2022-03-04,798,9
2022-03-05,418,7
2022-03-06,421,5
2022-03-07,855,3
2022-03-08,1078,12
2022-03-09,1060,16
2022-03-10,940,8
2022-03-11,782,12
2022-03-12,521,5
2022-03-13,363,0
2022-03-14,787,5
2022-03-15,994,13
2022-03-16,856,15
2022-03-17,867,12
2022-03-18,828,13
2022-03-19,475,12
2022-03-20,417,5
2022-03-21,829,5
2022-03-22,1039,12
2022-03-23,955,9
2022-03-24,917,8
2022-03-25,862,7
2022-03-26,433,8
2022-03-27,433,4
2022-03-28,885,11
2022-03-29,862,9
2022-03-30,1039,8
2022-03-31,935,11
2022-04-01,1010,10
2022-04-02,576,8
2022-04-03,413,8
2022-04-04,922,9
2022-04-05,1182,15
2022-04-06,1174,16
2022-04-07,1021,8
2022-04-08,1044,9
2022-04-09,574,5
2022-04-10,476,5
2022-04-11,1086,15
2022-04-12,1136,10
2022-04-13,1161,12
2022-04-14,1200,11
2022-04-15,928,6
2022-04-16,702,5
2022-04-17,521,3
2022-04-18,1257,11
2022-04-19,1397,10
2022-04-20,1266,13
2022-04-21,1267,13
2022-04-22,1077,9
2022-04-23,713,4
2022-04-24,784,4
2022-04-25,1145,12
2022-04-26,1271,14
2022-04-27,1387,14
2022-04-28,1374,12
2022-04-29,1404,13
2022-04-30,777,13
2022-05-01,690,7
2022-05-02,1352,8
2022-05-03,1729,11
2022-05-04,1513,20
2022-05-05,1382,17
2022-05-06,786,6
2022-05-12,292,0
2022-05-13,1448,8
2022-05-14,724,10
2022-05-15,613,5
2022-05-16,1135,11
2022-05-17,1139,8
2022-05-18,1116,7
2022-05-19,1069,14
2022-05-20,1102,10
2022-05-21,626,11
2022-05-22,560,6
2022-05-23,1092,7
2022-05-24,1073,5
2022-05-25,1051,9
2022-05-26,1037,7
2022-05-27,877,5
2022-05-28,470,2
2022-05-29,343,3
2022-05-30,628,5
2022-05-31,928,2
2022-06-01,1174,5
2022-06-02,920,3
2022-06-03,943,8
2022-06-04,616,3
2022-06-05,517,3
2022-06-06,1013,13
2022-06-07,1165,10
2022-06-08,1174,9
2022-06-09,1086,10
2022-06-10,977,16
2022-06-11,563,3
2022-06-12,545,4
2022-06-13,981,12
2022-06-14,1124,10
2022-06-15,1224,15
2022-06-16,1203,10
2022-06-17,1149,3
2022-06-18,698,5
2022-06-19,517,4
2022-06-20,762,7
2022-06-21,1105,5
2022-06-22,1021,10
2022-06-23,920,12
2022-06-24,853,11
2022-06-25,654,4
2022-06-26,632,3
2022-06-27,967,10
2022-06-28,1139,14
2022-06-29,491,4
2022-06-30,481,4
2022-07-01,588,4
2022-07-02,599,6
2022-07-03,539,2
2022-07-04,563,6
2022-07-05,980,11
2022-07-06,1117,8
2022-07-07,1088,7
2022-07-08,1066,12
2022-07-09,616,5
2022-07-10,547,9
2022-07-11,1202,8
2022-07-12,1376,8
2022-07-13,1503,11
2022-07-14,1064,6
2022-07-15,1111,7
2022-07-16,617,5
2022-07-17,522,1
2022-07-18,1237,6
2022-07-19,1142,16
2022-07-20,1232,7
2022-07-21,1057,5
2022-07-22,1099,4
2022-07-23,593,5
2022-07-24,490,3
2022-07-25,1180,8
2022-07-26,1283,5
2022-07-27,1137,11
2022-07-28,1196,4
2022-07-29,1212,7
2022-07-30,720,5
2022-07-31,438,4
2022-08-01,1205,8
2022-08-02,1274,14
2022-08-03,1264,8
2022-08-04,1378,12
2022-08-05,1310,6
2022-08-06,727,4
2022-08-07,521,2
2022-08-08,1068,4
2022-08-09,1149,9
2022-08-10,1289,11
2022-08-11,1014,6
2022-08-12,1197,5
2022-08-13,749,7
2022-08-14,514,3
2022-08-15,1132,5
2022-08-16,1256,10
2022-08-17,1268,8
2022-08-18,1185,6
2022-08-19,1113,5
2022-08-20,662,9
2022-08-21,486,7
2022-08-22,1167,8
2022-08-23,1093,3
2022-08-24,1121,6
2022-08-25,1117,6
2022-08-26,967,9
2022-08-27,700,10
2022-08-28,633,5
2022-08-29,1167,7
2022-08-30,1136,11
2022-08-31,1194,9
2022-09-01,1190,7
2022-09-02,1187,7
2022-09-03,740,5
2022-09-04,408,0
2022-09-05,1005,13
2022-09-06,1288,9
2022-09-07,1243,10
2022-09-08,1278,8
2022-09-09,1070,13
2022-09-10,703,11
2022-09-11,582,4
2022-09-12,1160,10
2022-09-13,1282,15
2022-09-14,1085,6
2022-09-15,1030,6
2022-09-16,975,7
2022-09-17,556,3
2022-09-18,523,4
2022-09-19,1040,9
2022-09-20,1127,9
2022-09-21,1238,7
2022-09-22,1241,6
2022-09-23,991,4
2022-09-24,621,2
2022-09-25,438,7
2022-09-26,1049,8
2022-09-27,1245,10
2022-09-28,1109,3
2022-09-29,1217,2
2022-09-30,1167,2
2022-10-01,669,5
2022-10-02,625,3
2022-10-03,1284,6
2022-10-04,1281,0
2022-10-05,1229,11
2022-10-06,1243,10
2022-10-07,1182,13
2022-10-08,641,5
2022-10-09,554,7
2022-10-10,993,6
2022-10-11,1159,8
2022-10-12,1333,10
2022-10-13,1372,5
2022-10-14,1005,11
2022-10-15,739,4
2022-10-16,512,7
2022-10-17,1223,5
2022-10-18,1372,8
2022-10-19,1343,6
2022-10-20,1520,5
2022-10-21,1305,10
2022-10-22,685,7
2022-10-23,580,6
2022-10-24,1270,9
2022-10-25,1245,9
2022-10-26,1331,10
2022-10-27,1347,8
2022-10-28,1248,11
2022-10-29,743,7
2022-10-30,472,3
2022-10-31,1088,10
2022-11-01,1218,7
2022-11-02,1276,14
2022-11-03,1263,8
2022-11-04,1023,9
2022-11-05,768,5
2022-11-06,550,3
2022-11-07,1238,6
2022-11-08,1271,4
2022-11-09,1273,8
2022-11-10,1185,13
2022-11-11,1221,12
2022-11-12,833,10
2022-11-13,580,6
2022-11-14,1242,7
2022-11-15,1160,14
2022-11-16,1243,17
2022-11-17,1163,13
2022-11-18,1189,11
2022-11-19,818,8
2022-11-20,605,8
2022-11-21,1203,10
2022-11-22,1140,13
2022-11-23,1177,5
2022-11-24,772,2
2022-11-25,884,4
2022-11-26,723,5
2022-11-27,564,2
2022-11-28,1242,9
2022-11-29,1339,12
2022-11-30,1373,12
2022-12-01,1321,3
2022-12-02,1259,11
2022-12-03,1280,14
2022-12-04,692,11
2022-12-05,1246,5
2022-12-06,1631,13
2022-12-07,1656,4
2022-12-08,1237,8
2022-12-09,1285,10
2022-12-10,779,2
2022-12-11,490,2
2022-12-12,1402,2
2022-12-13,1354,6
2022-12-14,1376,19
2022-12-15,1295,8
2022-12-16,1283,3
2022-12-17,830,7
2022-12-18,618,8
2022-12-19,1299,11
2022-12-20,1493,15
2022-12-21,1291,9
2022-12-22,1179,10
2022-12-23,1118,7
2022-12-24,569,1
2022-12-25,307,1
2022-12-26,756,7
2022-12-27,1313,6
2022-12-28,1351,10
2022-12-29,1383,2
2022-12-30,1234,7
2022-12-31,836,4
2023-01-01,467,2
2023-01-02,1085,5
2023-01-03,1374,7
2023-01-04,1462,19
2023-01-05,1432,7
2023-01-06,1448,17
2023-01-07,922,10
2023-01-08,614,7
2023-01-09,1312,7
2023-01-10,1341,5
2023-01-11,1410,22
2023-01-12,1378,9
2023-01-13,1205,9
2023-01-14,838,6
2023-01-15,538,5
2023-01-16,1183,13
2023-01-17,1440,10
2023-01-18,1507,11
2023-01-19,1894,21
2023-01-20,2207,13
2023-01-21,1148,20
2023-01-22,1062,7
2023-01-23,1816,4
2023-01-24,1634,15
2023-01-25,1590,13
2023-01-26,1495,5
2023-01-27,1489,19
2023-01-28,880,10
2023-01-29,732,10
2023-01-30,1308,13
2023-01-31,1375,20
2023-02-01,1674,16
2023-02-02,1475,9
2023-02-03,1397,15
2023-02-04,837,4
2023-02-05,589,11
2023-02-06,1519,8
2023-02-07,1518,12
2023-02-08,1439,4
2023-02-09,1500,10
2023-02-10,1670,10
2023-02-11,995,3
2023-02-12,653,2
2023-02-13,1519,7
2023-02-14,1550,7
2023-02-15,1277,10
2023-02-16,1505,8
2023-02-17,1317,13
2023-02-18,792,6
2023-02-19,540,5
2023-02-20,1010,7
2023-02-21,1365,9
2023-02-22,1541,6
2023-02-23,1480,9
2023-02-24,1336,10
2023-02-25,854,9
2023-02-26,603,3
2023-02-27,1419,8
2023-02-28,1650,13
2023-03-01,1482,11
2023-03-02,1478,8
2023-03-03,1480,9
2023-03-04,944,4
2023-03-05,625,7
2023-03-06,1442,18
2023-03-07,1334,12
2023-03-08,1415,8
2023-03-09,1476,14
2023-03-10,1496,15
2023-03-11,899,14
2023-03-12,727,5
2023-03-13,1567,8
2023-03-14,1772,20
2023-03-15,1626,7
2023-03-16,1603,10
2023-03-17,1640,5
2023-03-18,943,5
2023-03-19,629,11
2023-03-20,1482,8
2023-03-21,1537,11
2023-03-22,1549,7
2023-03-23,1456,4
2023-03-24,1452,8
2023-03-25,861,4
2023-03-26,753,3
2023-03-27,1434,9
2023-03-28,1665,8
2023-03-29,1536,8
2023-03-30,1341,13
2023-03-31,1418,9
2023-04-01,799,3
2023-04-02,606,2
2023-04-03,1329,5
2023-04-04,1483,5
2023-04-05,1564,9
2023-04-06,1522,5
2023-04-07,1440,6
2023-04-08,835,4
2023-04-09,561,2
2023-04-10,1409,8
2023-04-11,1578,11
2023-04-12,1599,10
2023-04-13,1409,8
2023-04-14,1418,6
2023-04-15,707,5
2023-04-16,669,1
2023-04-17,1517,12
2023-04-18,1512,4
2023-04-19,1632,10
2023-04-20,1553,3
2023-04-21,1532,8
2023-04-22,846,10
2023-04-23,556,4
2023-04-24,1381,10
2023-04-25,1479,8
2023-04-26,1530,7
2023-04-27,1382,12
2023-04-28,1316,9
2023-04-29,787,3
2023-04-30,645,2
2023-05-01,1403,2
2023-05-02,1541,9
2023-05-03,1464,5
2023-05-04,1407,7
2023-05-05,1283,8
2023-05-06,838,3
2023-05-07,747,5
2023-05-08,1690,2
2023-05-09,1856,10
2023-05-10,1835,15
2023-05-11,1554,13
2023-05-12,1499,7
2023-05-13,855,7
2023-05-14,528,11
2023-05-15,1508,11
2023-05-16,1466,5
2023-05-17,1625,5
2023-05-18,1459,8
2023-05-19,1373,7
2023-05-20,749,4
2023-05-21,630,2
2023-05-22,1567,2
2023-05-23,1686,1
2023-05-24,1871,9
2023-05-25,1521,4
2023-05-26,1560,9
2023-05-27,773,6
2023-05-28,539,2
2023-05-29,1159,3
2023-05-30,1496,5
2023-05-31,1653,9
2023-06-01,1670,2
2023-06-02,1549,9
2023-06-03,846,6
2023-06-04,570,3
2023-06-05,1546,6
2023-06-06,1778,5
2023-06-07,1583,5
2023-06-08,1599,4
2023-06-09,1731,6
2023-06-10,794,3
2023-06-11,585,6
2023-06-12,1622,7
2023-06-13,1899,3
2023-06-14,1607,4
2023-06-15,1545,4
2023-06-16,1617,2
2023-06-17,830,2
2023-06-18,551,2
2023-06-19,1505,6
2023-06-20,1720,6
2023-06-21,1636,5
2023-06-22,1706,11
2023-06-23,1573,2
2023-06-24,793,2
2023-06-25,518,2
2023-06-26,1475,5
2023-06-27,1824,2
2023-06-28,1642,5
2023-06-29,1590,5
2023-06-30,1416,6
2023-07-01,773,5
2023-07-02,591,4
2023-07-03,1351,6
2023-07-04,1141,2
2023-07-05,1561,3
2023-07-06,1576,6
2023-07-07,1557,8
2023-07-08,812,5
2023-07-09,662,3
2023-07-10,1635,10
2023-07-11,1589,6
2023-07-12,1718,6
2023-07-13,1667,6
2023-07-14,1555,6
2023-07-15,871,5
2023-07-16,637,5
2023-07-17,1784,4
2023-07-18,1797,7
2023-07-19,1775,6
2023-07-20,1467,5
2023-07-21,1610,5
2023-07-22,750,6
2023-07-23,702,4
2023-07-24,1515,6
2023-07-25,1925,8
2023-07-26,1580,11
2023-07-27,1716,4
2023-07-28,1505,12
2023-07-29,853,4
2023-07-30,454,2
2023-07-31,1643,3
2023-08-01,1291,7
2023-08-02,1678,6
2023-08-03,1740,7
2023-08-04,1674,10
2023-08-05,848,5
2023-08-06,628,3
2023-08-07,1554,7
2023-08-08,2016,6
2023-08-09,1959,12
2023-08-10,1837,7
2023-08-11,1749,3
2023-08-12,812,8
2023-08-13,745,4
2023-08-14,1744,5
2023-08-15,1929,8
2023-08-16,1909,8
2023-08-17,1675,7
2023-08-18,1714,9
2023-08-19,936,2
2023-08-20,682,9
2023-08-21,1703,12
2023-08-22,1853,16
2023-08-23,1875,8
2023-08-24,1845,6
2023-08-25,1410,3
2023-08-26,952,7
2023-08-27,580,7
2023-08-28,1498,3
2023-08-29,1804,8
2023-08-30,1820,8
2023-08-31,1851,8
2023-09-01,1717,10
2023-09-02,863,4
2023-09-03,601,2
2023-09-04,1081,5
2023-09-05,1773,5
2023-09-06,1891,12
2023-09-07,1645,11
2023-09-08,1746,13
2023-09-09,910,2
2023-09-10,659,2
2023-09-11,1427,8
2023-09-12,1672,8
2023-09-13,1850,10
2023-09-14,1883,20
2023-09-15,1778,8
2023-09-16,851,7
2023-09-17,664,3
2023-09-18,1538,16
2023-09-19,1735,13
2023-09-20,1912,12
2023-09-21,1854,12
2023-09-22,1705,16
2023-09-23,871,8
2023-09-24,606,8
2023-09-25,1620,16
2023-09-26,1864,18
2023-09-27,1776,12
2023-09-28,1565,11
2023-09-29,1685,11
2023-09-30,775,8
2023-10-01,681,9
2023-10-02,1588,16
2023-10-03,1949,18
2023-10-04,1898,15
2023-10-05,1696,13
2023-10-06,1872,28
2023-10-07,990,9
2023-10-08,497,5
2023-10-09,1509,8
2023-10-10,1801,23
2023-10-11,1894,21
2023-10-12,1686,17
2023-10-13,1552,22
2023-10-14,784,4
2023-10-15,695,6
2023-10-16,1655,14
2023-10-17,1896,16
2023-10-18,1867,20
2023-10-19,1857,17
2023-10-20,1778,13
2023-10-21,779,4
2023-10-22,509,11
2023-10-23,1511,13
2023-10-24,1708,16
2023-10-25,1517,18
2023-10-26,1496,6
2023-10-27,1442,9
2023-10-28,713,8
2023-10-29,684,6
2023-10-30,1422,10
2023-10-31,1423,19
2023-11-01,1249,7
2023-11-02,1496,12
2023-11-03,1509,15
2023-11-04,887,9
2023-11-05,521,10
2023-11-06,1583,18
2023-11-07,1656,11
2023-11-08,1677,13
2023-11-09,1894,17
2023-11-10,1593,17
2023-11-11,822,14
2023-11-12,533,7
2023-11-13,1398,20
2023-11-14,1675,12
2023-11-15,1665,16
2023-11-16,1693,6
2023-11-17,1459,22
2023-11-18,746,3
2023-11-19,591,6
2023-11-20,1334,12
2023-11-21,1704,13
2023-11-22,1630,4
2023-11-23,932,2
2023-11-24,1008,5
2023-11-25,770,7
2023-11-26,555,4
2023-11-27,1402,11
2023-11-28,1685,12
2023-11-29,1683,15
2023-11-30,1545,14
2023-12-01,1235,7
2023-12-02,854,10
2023-12-03,721,6
2023-12-04,1659,7
2023-12-05,1688,12
2023-12-06,1642,13
2023-12-07,1727,16
2023-12-08,1531,14
2023-12-09,719,6
2023-12-10,599,6
2023-12-11,1625,14
2023-12-12,1652,11
2023-12-13,1568,15
2023-12-14,1779,8
2023-12-15,1597,12
2023-12-16,846,5
2023-12-17,722,13
2023-12-18,1790,16
2023-12-19,1864,13
2023-12-20,1926,7
2023-12-21,1679,16
2023-12-22,1392,16
2023-12-23,868,13
2023-12-24,425,4
2023-12-25,595,3
2023-12-26,1437,9
2023-12-27,1737,7
2023-12-28,1900,11
2023-12-29,1715,12
2023-12-30,842,12
2023-12-31,516,9
2024-01-01,526,0
2024-01-02,1573,12
2024-01-03,1621,19
2024-01-04,1816,21
2024-01-05,1642,22
2024-01-06,1068,10
2024-01-07,776,11
2024-01-08,1726,17
2024-01-09,1936,17
2024-01-10,1865,15
2024-01-11,1920,15
2024-01-12,1540,13
2024-01-13,651,3
2024-01-14,413,3
2024-01-15,882,5
2024-01-16,1088,3
2024-01-17,1319,11
2024-01-18,1993,11
2024-01-19,1950,18
2024-01-20,1078,15
2024-01-21,759,5
2024-01-22,1737,12
2024-01-23,1965,16
2024-01-24,1770,16
2024-01-25,1809,17
2024-01-26,1762,11
2024-01-27,952,10
2024-01-28,660,8
2024-01-29,1595,13
2024-01-30,1851,12
2024-01-31,1679,14
2024-02-01,1680,6
2024-02-02,1782,15
2024-02-03,984,12
2024-02-04,772,5
2024-02-05,1794,12
2024-02-06,1914,16
2024-02-07,1961,18
2024-02-08,2076,8
2024-02-09,1811,19
2024-02-10,944,11
2024-02-11,588,6
2024-02-12,1734,9
2024-02-13,1912,10
2024-02-14,1871,10
2024-02-15,1961,15
2024-02-16,1829,13
2024-02-17,1157,7
2024-02-18,698,10
2024-02-19,2010,14
2024-02-20,2110,14
2024-02-21,2077,16
2024-02-22,2083,21
2024-02-23,1877,16
2024-02-24,1008,10
2024-02-25,806,9
2024-02-26,2043,14
2024-02-27,2104,11
2024-02-28,2195,12
2024-02-29,2330,12
2024-03-01,1980,17
2024-03-02,1075,9
2024-03-03,731,9
2024-03-04,2034,14
2024-03-05,2527,16
2024-03-06,2321,12
2024-03-07,2400,17
2024-03-08,2239,15
2024-03-09,1304,13
2024-03-10,756,8
2024-03-11,2619,21
2024-03-12,2443,17
2024-03-13,2611,14
2024-03-14,2492,16
2024-03-15,2330,12
2024-03-16,1216,6
2024-03-17,731,9
2024-03-18,2549,14
2024-03-19,2708,8
2024-03-20,2600,11
2024-03-21,2665,17
2024-03-22,2742,13
2024-03-23,1265,12
2024-03-24,730,4
2024-03-25,2205,16
2024-03-26,2882,12
2024-03-27,2762,10
2024-03-28,2359,10
2024-03-29,2274,24
2024-03-30,1004,12
2024-03-31,610,4
2024-04-01,2257,14
2024-04-02,2599,13
2024-04-03,2458,15
2024-04-04,2636,15
2024-04-05,2555,9
2024-04-06,1164,5
2024-04-07,799,4
2024-04-08,2314,10
2024-04-09,2371,15
2024-04-10,2610,10
2024-04-11,2678,11
2024-04-12,2349,13
2024-04-13,1181,8
2024-04-14,886,5
2024-04-15,2371,6
2024-04-16,2583,18
2024-04-17,2690,8
2024-04-18,2518,3
2024-04-19,2394,18
2024-04-20,1188,10
2024-04-21,890,4
2024-04-22,2476,15
2024-04-23,2780,22
2024-04-24,2805,11
2024-04-25,2487,16
2024-04-26,2350,9
2024-04-27,1417,7
2024-04-28,1081,5
2024-04-29,2268,15
2024-04-30,2814,7
2024-05-01,2223,14
2024-05-02,2850,6
2024-05-03,3038,9
2024-05-04,1579,2
2024-05-05,888,5
2024-05-06,2841,14
2024-05-07,3093,9
2024-05-08,2899,9
2024-05-09,2889,8
2024-05-10,2828,15
2024-05-11,1205,14
2024-05-12,802,12
2024-05-13,2097,13
2024-05-14,2851,8
2024-05-15,2874,15
2024-05-16,2913,14
2024-05-17,2893,17
2024-05-18,1387,7
2024-05-19,944,5
2024-05-20,2397,8
2024-05-21,3001,12
2024-05-22,2975,7
2024-05-23,2845,8
2024-05-24,2627,10
2024-05-25,1447,7
2024-05-26,763,2
2024-05-27,1621,5
2024-05-28,2609,13
2024-05-29,2727,13
2024-05-30,2565,14
2024-05-31,2643,6
2024-06-01,1389,2
2024-06-02,791,7
2024-06-03,2634,13
2024-06-04,3027,13
2024-06-05,2880,8
2024-06-06,3078,9
2024-06-07,3008,9
2024-06-08,1483,6
2024-06-09,891,2
2024-06-10,2636,13
2024-06-11,2858,13
2024-06-12,3153,12
2024-06-13,3115,6
2024-06-14,2874,5
2024-06-15,1165,4
2024-06-16,718,5
2024-06-17,2483,7
2024-06-18,3004,11
2024-06-19,3260,4
2024-06-20,2964,14
2024-06-21,3063,12
2024-06-22,1328,9
2024-06-23,732,4
2024-06-24,2471,9
2024-06-25,2935,3
2024-06-26,2692,14
2024-06-27,2800,10
2024-06-28,2564,11
2024-06-29,1268,6
2024-06-30,935,4
2024-07-01,2621,8
2024-07-02,2846,11
2024-07-03,2855,11
2024-07-04,2010,6
2024-07-05,2391,6
2024-07-06,1418,7
2024-07-07,940,3
2024-07-08,2584,11
2024-07-09,2844,13
2024-07-10,3205,7
2024-07-11,3066,6
2024-07-12,2776,14
2024-07-13,1135,5
2024-07-14,912,3
2024-07-15,2557,12
2024-07-16,3035,12
2024-07-17,3064,11
2024-07-18,2833,12
2024-07-19,2772,8
2024-07-20,1302,10
2024-07-21,1034,6
2024-07-22,2707,8
2024-07-23,2717,8
2024-07-24,2943,5
2024-07-25,2745,13
2024-07-26,2965,12
2024-07-27,1307,10
2024-07-28,901,10
2024-07-29,2828,8
2024-07-30,2860,8
2024-07-31,2676,9
2024-08-01,2794,8
2024-08-02,2718,15
2024-08-03,1397,11
2024-08-04,979,9
2024-08-05,2525,8
2024-08-06,2875,8
2024-08-07,2953,10
2024-08-08,2997,9
2024-08-09,2920,12
2024-08-10,1480,6
2024-08-11,1002,7
2024-08-12,2578,8
2024-08-13,3141,10
2024-08-14,2944,17
2024-08-15,2864,12
2024-08-16,3156,13
2024-08-17,1729,9
2024-08-18,988,9
2024-08-19,2912,16
2024-08-20,2983,14
2024-08-21,3009,9
2024-08-22,3495,14
2024-08-23,2430,9
2024-08-24,996,7
2024-08-25,930,9
2024-08-26,2674,10
2024-08-27,3272,17
2024-08-28,3436,17
2024-08-29,3282,8
2024-08-30,2988,8
2024-08-31,1448,13
2024-09-01,986,12
2024-09-02,2173,6
2024-09-03,3313,10
2024-09-04,3352,18
2024-09-05,3322,15
2024-09-06,3082,10
2024-09-07,1221,18
2024-09-08,857,3
2024-09-09,2723,10
2024-09-10,2978,7
2024-09-11,3169,17
2024-09-12,3122,17
2024-09-13,3036,6
2024-09-14,1364,10
2024-09-15,996,2
2024-09-16,2747,10
2024-09-17,3320,12
2024-09-18,3184,18
2024-09-19,3322,10
2024-09-20,2960,14
2024-09-21,1255,8
2024-09-22,950,3
2024-09-23,2933,8
2024-09-24,3296,10
2024-09-25,3228,10
2024-09-26,3336,14
2024-09-27,3071,9
2024-09-28,1429,4
2024-09-29,978,4
2024-09-30,2663,7
2024-10-01,3349,21
2024-10-02,3343,23
2024-10-03,3113,12
2024-10-04,3103,9
2024-10-05,1307,9
2024-10-06,899,8
2024-10-07,2995,15
2024-10-08,3509,11
2024-10-09,2977,8
2024-10-10,3086,12
2024-10-11,3079,11
2024-10-12,1345,8
2024-10-13,1297,8
2024-10-14,3147,10
2024-10-15,3056,9
2024-10-16,3031,10
2024-10-17,3039,4
2024-10-18,2723,6
2024-10-19,1171,6
2024-10-20,763,5
2024-10-21,2369,7
2024-10-22,3190,10
2024-10-23,3202,10
2024-10-24,2971,12
2024-10-25,3166,11
2024-10-26,1284,6
2024-10-27,1239,4
2024-10-28,2812,8
2024-10-29,2788,8
2024-10-30,3237,4
2024-10-31,3097,9
2024-11-01,2419,6
2024-11-02,1188,10
2024-11-03,950,7
2024-11-04,2827,9
2024-11-05,3294,14
2024-11-06,3152,19
2024-11-07,3095,12
2024-11-08,2816,13
2024-11-09,1389,10
2024-11-10,1109,7
2024-11-11,2483,16
2024-11-12,2917,17
2024-11-13,3546,14
2024-11-14,3107,9
2024-11-15,2904,30
2024-11-16,1594,16
2024-11-17,1030,8
2024-11-18,2757,11
2024-11-19,3222,9
2024-11-20,3670,13
2024-11-21,3173,9
2024-11-22,3399,7
2024-11-23,1467,7
2024-11-24,1139,4
2024-11-25,2883,10
2024-11-26,3286,15
2024-11-27,3317,5
2024-11-28,2081,5
2024-11-29,2243,8
2024-11-30,1132,9
2024-12-01,1090,4
2024-12-02,3392,8
2024-12-03,3629,13
2024-12-04,3424,12
2024-12-05,3804,10
2024-12-06,3348,10
2024-12-07,1693,13
2024-12-08,977,3
2024-12-09,3135,8
2024-12-10,3822,12
2024-12-11,3685,14
2024-12-12,3610,12
2024-12-13,3217,12
2024-12-14,1630,7
2024-12-15,1080,2
2024-12-16,3386,7
2024-12-17,3652,17
2024-12-18,3423,12
2024-12-19,3228,17
2024-12-20,2691,21
2024-12-21,1678,15
2024-12-22,1054,5
2024-12-23,2824,11
2024-12-24,2144,5
2024-12-25,879,4
2024-12-26,3030,11
2024-12-27,3505,13
2024-12-28,1983,10
2024-12-29,1451,10
2024-12-30,2886,27
2024-12-31,1975,12
2025-01-01,1437,9
2025-01-02,3570,22
2025-01-03,4014,5
2025-01-04,1892,36
2025-01-05,1572,28
2025-01-06,3724,20
2025-01-07,4121,24
2025-01-08,4058,27
2025-01-09,4075,11
2025-01-10,3900,17
2025-01-11,2151,17
2025-01-12,1742,13
2025-01-13,4006,10
2025-01-14,5077,38
2025-01-15,10064,36
2025-01-16,10514,29
2025-01-17,20525,35
2025-01-18,12967,22
2025-01-19,5255,18
2025-01-20,8804,34
2025-01-21,6925,38
2025-01-22,6439,26
2025-01-23,7858,42
2025-01-24,6869,40
2025-01-25,3604,36
2025-01-26,2701,24
2025-01-27,4791,27
2025-01-28,4917,23
2025-01-29,5208,35
2025-01-30,5297,28
2025-01-31,4862,25
2025-02-01,2478,16
2025-02-02,2142,20
2025-02-03,4594,23
2025-02-04,5040,28
2025-02-05,4640,29
2025-02-06,4880,28
2025-02-07,4277,23
2025-02-08,2218,26
2025-02-09,2012,31
2025-02-10,3692,42
2025-02-11,4479,38
2025-02-12,4417,41
2025-02-13,3979,28
2025-02-14,3424,16
2025-02-15,1531,13
2025-02-16,1262,13
2025-02-17,2750,15
2025-02-18,3030,18
2025-02-19,3514,24
2025-02-20,3315,20
2025-02-21,3210,23
2025-02-22,1673,14
2025-02-23,1385,9
2025-02-24,3110,18
2025-02-25,3823,27
2025-02-26,4007,37
2025-02-27,3904,26
2025-02-28,3683,27
2025-03-01,2085,14
2025-03-02,1735,19
2025-03-03,3410,25
2025-03-04,4160,17
2025-03-05,4364,27
2025-03-06,4389,27
2025-03-07,4067,22
2025-03-08,1944,16
2025-03-09,1602,16
2025-03-10,3917,16
2025-03-11,5001,21
2025-03-12,4696,24
2025-03-13,4698,110
2025-03-14,4276,115
2025-03-15,2040,109
2025-03-16,1434,41
2025-03-17,3921,76
2025-03-18,4295,56
2025-03-19,4345,55
2025-03-20,4255,64
2025-03-21,3988,51
2025-03-22,1951,43
2025-03-23,1417,33
2025-03-24,3733,38
2025-03-25,4156,50
2025-03-26,4129,53
2025-03-27,4103,40
2025-03-28,3857,39
2025-03-29,1662,17
2025-03-30,1393,21
2025-03-31,4143,50
2025-04-01,4032,32
2025-04-02,4051,34
2025-04-03,4161,39
2025-04-04,4187,32
2025-04-05,1746,16
2025-04-06,1266,10
2025-04-07,3700,40
2025-04-08,4709,50
2025-04-09,4377,47
2025-04-10,4526,29
2025-04-11,4207,40
2025-04-12,1878,40
2025-04-13,1233,30
2025-04-14,4229,63
2025-04-15,4417,64
2025-04-16,4468,50
2025-04-17,4176,50
2025-04-18,3816,42
2025-04-19,1709,32
2025-04-20,1242,13
2025-04-21,3694,47
2025-04-22,4586,60
2025-04-23,4611,60
2025-04-24,4262,51
2025-04-25,4146,41
2025-04-26,1819,19
2025-04-27,1343,21
2025-04-28,3701,42
2025-04-29,4227,36
2025-04-30,4464,62
2025-05-01,4353,47
2025-05-02,3630,45
2025-05-03,1902,31
2025-05-04,1552,22
2025-05-05,3973,61
2025-05-06,4614,57
2025-05-07,4067,63
2025-05-08,4155,51
2025-05-09,4180,50
2025-05-10,1837,29
2025-05-11,1234,27
2025-05-12,3530,44
2025-05-13,4409,48
2025-05-14,4309,57
2025-05-15,4423,42
2025-05-16,4305,44
2025-05-17,1887,25
2025-05-18,1351,26
2025-05-19,3465,34
2025-05-20,4401,44
2025-05-21,4627,39
2025-05-22,4406,26
2025-05-23,4156,38
2025-05-24,1807,28
2025-05-25,1309,12
2025-05-26,2927,19
2025-05-27,4450,20
2025-05-28,4374,21
2025-05-29,4716,27
2025-05-30,4507,40
2025-05-31,2093,16
2025-06-01,1475,23
2025-06-02,3943,42
2025-06-03,4794,48
2025-06-04,4963,41
2025-06-05,5218,37
2025-06-06,4220,37
2025-06-07,2171,19
2025-06-08,1289,19
2025-06-09,3909,27
2025-06-10,4855,19
2025-06-11,4851,37
2025-06-12,4707,39
2025-06-13,4850,40
2025-06-14,1980,40
2025-06-15,1455,25
2025-06-16,3984,37
2025-06-17,4962,44
2025-06-18,5015,50
2025-06-19,5121,60
2025-06-20,4620,60
2025-06-21,2017,41
2025-06-22,1388,19
2025-06-23,4422,30
2025-06-24,4980,42
2025-06-25,4594,51
2025-06-26,4547,42
2025-06-27,4673,45
2025-06-28,2187,27
2025-06-29,1607,20
2025-06-30,3893,27
2025-07-01,4791,38
2025-07-02,4688,49
2025-07-03,4508,69
2025-07-04,3540,36
2025-07-05,1700,17
2025-07-06,1476,26
2025-07-07,4138,31
2025-07-08,5075,47
2025-07-09,5228,61
2025-07-10,5232,38
2025-07-11,5187,48
2025-07-12,2077,22
2025-07-13,1409,15
2025-07-14,4409,34
2025-07-15,5082,43
2025-07-16,5013,52
2025-07-17,5060,40
2025-07-18,4718,37
2025-07-19,2438,20
2025-07-20,1366,19
2025-07-21,4146,25
2025-07-22,5042,20
2025-07-23,5449,27
2025-07-24,4933,32
2025-07-25,4637,33
2025-07-26,2031,21
2025-07-27,1549,14
2025-07-28,4600,33
2025-07-29,5586,29
2025-07-30,5143,32
2025-07-31,5289,44
2025-08-01,4805,35
2025-08-02,1937,21
2025-08-03,1491,15
2025-08-04,4361,34
2025-08-05,5281,35
2025-08-06,5713,31
2025-08-07,5507,39
2025-08-08,4987,48
2025-08-09,2142,21
2025-08-10,1374,15
2025-08-11,4365,41
2025-08-12,5519,24
2025-08-13,5581,46
2025-08-14,5423,31
2025-08-15,5624,33
2025-08-16,2301,23
2025-08-17,1439,20
2025-08-18,4543,24
2025-08-19,3200,29
2025-08-20,3489,32
2025-08-21,3801,29
2025-08-22,3353,30
2025-08-23,1369,26
2025-08-24,1049,11
2025-08-25,3221,15
2025-08-26,3927,28
2025-08-27,3732,27
2025-08-28,3612,27
2025-08-29,3376,48
2025-08-30,1426,20
2025-08-31,917,8
2025-09-01,2131,17
2025-09-02,3466,25
2025-09-03,3609,36
2025-09-04,3829,23
2025-09-05,3767,27
2025-09-06,1556,29
2025-09-07,1031,22
2025-09-08,3284,22
2025-09-09,3709,31
2025-09-10,3661,34
2025-09-11,3305,36
2025-09-12,3354,31
2025-09-13,1244,24
2025-09-14,889,12
2025-09-15,2452,25
2025-09-16,2858,21
2025-09-17,3415,32
2025-09-18,3904,32
2025-09-19,2277,21
2025-09-20,216,3
2025-09-21,1016,13
2025-09-22,3276,31
2025-09-23,4031,38
2025-09-24,3807,36
2025-09-25,3479,24
2025-09-26,3434,19
2025-09-27,1291,5
2025-09-28,864,4
2025-09-29,3097,11
2025-09-30,3409,10
2025-10-01,3699,11
2025-10-02,3707,12
2025-10-03,3156,19
2025-10-04,40,5
2025-10-05,666,2
2025-10-06,3280,14
2025-10-07,2258,9
2025-10-08,3517,14
2025-10-09,3404,14
2025-10-10,1237,11
2025-10-11,43,5
2025-10-12,749,7
2025-10-13,3089,21
2025-10-14,3716,20
2025-10-15,3334,17
2025-10-16,3240,29
2025-10-17,3438,23
2025-10-18,562,9
2025-10-19,958,13
2025-10-20,2785,25
2025-10-21,3084,36
2025-10-22,3188,30
2025-10-23,3141,20
2025-10-24,2868,24
2025-10-25,645,12
2025-10-26,776,16
2025-10-27,3017,22
2025-10-28,3333,27
2025-10-29,3043,26
2025-10-30,3366,22
2025-10-31,2822,24
2025-11-01,1083,12
2025-11-02,737,9
2025-11-03,2999,19
2025-11-04,3531,24
2025-11-05,3227,20
2025-11-06,3165,28
2025-11-07,3200,26
2025-11-08,1373,13
2025-11-09,945,11
2025-11-10,2914,25
2025-11-11,3386,25
2025-11-12,3850,31
2025-11-13,3798,31
2025-11-14,3575,30
2025-11-15,1637,33
2025-11-16,1070,13
2025-11-17,3226,31
2025-11-18,3990,29
2025-11-19,3724,41
2025-11-20,3980,20
2025-11-21,3701,29
2025-11-22,587,20
2025-11-23,1066,23
2025-11-24,3070,26
2025-11-25,3623,27
2025-11-26,3284,32
2025-11-27,2532,8
2025-11-28,2730,13
2025-11-29,1264,9
2025-11-30,745,12
2025-12-01,3513,30
2025-12-02,3975,33
2025-12-03,3964,35
2025-12-04,3871,33
2025-12-05,965,5
2025-12-06,23,2
2025-12-07,765,12
2025-12-08,3054,31
2025-12-09,4414,34
2025-12-10,642,13
2025-12-11,26,0
2025-12-12,47,2
2025-12-13,26,1
2025-12-14,713,17
2025-12-15,3107,22
2025-12-16,2937,30
2025-12-17,46,1
2025-12-18,2901,36
2025-12-19,814,14
2025-12-20,20,0
2025-12-21,777,10
2025-12-22,2962,36
2025-12-23,3394,23
2025-12-24,1721,31
2025-12-25,1095,13
2025-12-26,2632,20
2025-12-27,1607,27
2025-12-28,1332,22
2025-12-29,3116,44
2025-12-30,1130,47
2025-12-31,782,29
2026-01-01,613,20
2026-01-02,934,30
2026-01-03,612,26
2026-01-04,207,9
2026-01-05,294,12
2026-01-06,905,28
2026-01-07,1009,38
2026-01-08,1025,24
2026-01-09,902,34
2026-01-10,39,6
2026-01-11,371,11
2026-01-12,960,31
2026-01-13,1191,43
2026-01-14,913,24
2026-01-15,248,14
2026-01-16,67,2
2026-01-17,41,2
2026-01-18,340,16
2026-01-19,647,23
2026-01-20,967,35
2026-01-21,1140,35
2026-01-22,1141,38
2026-01-23,1014,37
2026-01-24,656,26
2026-01-25,515,17
2026-01-26,997,38
2026-01-27,1095,30
2026-01-28,1070,35
2026-01-29,1094,31
2026-01-30,909,24
2026-01-31,34,5
2026-02-01,26,1
2026-02-02,385,14
2026-02-03,847,17
2026-02-04,541,25
2026-02-05,779,19
2026-02-06,36,1
2026-02-07,11,0
2026-02-08,330,15
2026-02-09,720,24
2026-02-10,334,11
2026-02-11,316,12
2026-02-12,536,14
2026-02-13,10,0
2026-02-14,6,0
2026-02-15,291,10
2026-02-16,774,15
2026-02-17,843,31
2026-02-18,487,11
2026-02-19,778,22
2026-02-20,575,20
2026-02-21,492,18
2026-02-22,425,15
2026-02-23,292,10
2026-02-24,850,26
2026-02-25,680,14
2026-02-26,186,8
2026-02-27,18,1
2026-02-28,9,0
2026-03-01,383,13
2026-03-02,1002,22
2026-03-03,1102,21
2026-03-04,1157,25
2026-03-05,1083,37
2026-03-06,1024,27
2026-03-07,541,22
2026-03-08,468,20
2026-03-09,941,21
2026-03-10,1167,29
2026-03-11,1135,29
2026-03-12,1085,36
2026-03-13,292,7
2026-03-14,1,0
2026-03-15,348,16
2026-03-16,242,1
2026-03-17,250,1
2026-03-18,342,3
2026-03-19,102,0
2026-03-20,12,1
2026-03-21,1,0
2026-03-22,87,1
2026-03-23,192,0
2026-03-24,192,2
2026-03-25,151,0
2026-03-26,267,2
2026-03-27,55,0
2026-03-28,1,0
2026-03-29,79,0
2026-03-30,217,0
2026-03-31,267,0
2026-04-01,207,2
2026-04-02,103,1
2026-04-03,7,0
2026-04-04,7,1
2026-04-05,70,0
2026-04-06,205,1
2026-04-07,221,0
2026-04-08,274,0
2026-04-09,222,0
2026-04-10,159,1
2026-04-11,107,2
2026-04-12,86,2
2026-04-13,189,1
2026-04-14,250,2
2026-04-15,234,0
2026-04-16,151,1
2026-04-17,1,0
2026-04-19,55,2
2026-04-20,155,0
2026-04-21,205,1
2026-04-22,192,0
2026-04-23,187,0
2026-04-24,150,0
Best regards,1,0
I am an XXXX woman. This matter has caused a significant amount of stress. As a result of Truist Banks behavior,1,0
In re-billing this charge,1,0
The Fair Credit Reporting Act ( 15 U.S. Code 1681 ) says ( 1 ) The banking system is dependent upon fair and accurate credit reporting. Inaccurate credit reports directly impair the efficiency of the banking system,1,0
XXXX XXXX XXXX XXXX * Date Opened : XX/XX/XXXX Balance Owed : {$3200.00} Chargeoff * * This account is being reported as a charge-off,1,0
XXXX XXXX was continuing to collect on outstanding balances AFTER the account charged off dated XX/XX/XXXX,1,0
